Id Cliente,Razao Social,Nome Fantasia,Tipo Pessoa,Municipio,UF
1,00_VPCOM,VENTOS POTIGUARES COMERCIALIZADORA...,Pessoa Física,SAO PAULO,SÃO PAULO
2,1001 INDUSTRIA,1001 INDUSTRIA DE ARTEFATOS...,Pessoa Física,RIO DE JANEIRO,RIO DE JANEIRO
3,2 ALIANCAS,2 ALIANCAS ARMAZENS GERAIS...,Pessoa Física,VITÓRIA,ESPÍRITO SANTO
4,2WENERGIA,2W ENERGIA S.A.,Pessoa Física,VITÓRIA,ESPÍRITO SANTO
5,3 CORACOES AL,TRES CORACOES ALIMENTOS S.A.,Pessoa Física,SAO PAULO,SÃO PAULO
6,3G ENERGIA,3G - TERCEIRA GERACAO COMERCIALIZADORA...,Pessoa Física,RIO DE JANEIRO,RIO DE JANEIRO
7,3M,3M DO BRASIL LTDA,Pessoa Física,RIO DE JANEIRO,RIO DE JANEIRO
8,3M MANAUS,3M MANAUS INDUSTRIA DE PRODUTOS...,Pessoa Física,SAO PAULO,SÃO PAULO
9,3PL LOGISTICA,3PL BRASIL LOGISTICA S.A.,Pessoa Física,VITÓRIA,ESPÍRITO SANTO
10,3RIOS,3RIOS FIBRAS E RESINAS LTDA,Pessoa Física,SAO PAULO,SÃO PAULO
11,43 SA,43 SA GRAFICA E EDITORA,Pessoa Física,SAO PAULO,SÃO PAULO
12,8 EMBALAGENS,8 EMBALAGENS PLASTICAS EIRELI,Pessoa Física,VITÓRIA,ESPÍRITO SANTO
13,88 ENERGIA,88 ENERGIA S.A.,Pessoa Física,SAO PAULO,SÃO PAULO
14,9INJET,9INJET INJECAO DE PECAS PLASTICAS...,Pessoa Física,SAO PAULO,SÃO PAULO
15,A PARAGUACU,PARAGUACU TEXTIL LTDA,Pessoa Física,VITÓRIA,ESPÍRITO SANTO
16,A RAYMOND,A. RAYMOND BRASIL LTDA,Pessoa Física,SAO PAULO,SÃO PAULO
17,AABB1,ASSOCIACAO ATLETICA BANCO...,Pessoa Física,BELO HORIZONTE,MINAS GERAIS
18,AABREU,A ABREU BENEFICIAMENTOS LTDA,Pessoa Física,SAO PAULO,SÃO PAULO
19,AAL,USINA ALTO ALEGRE S/A - ACUCAR...,Pessoa Física,SAO PAULO,SÃO PAULO
20,AAM,AAM DO BRASIL LTDA.,Pessoa Física,RIO DE JANEIRO,RIO DE JANEIRO
21,AB AGRO,AB COMERCIO DE INSUMOS LTDA,Pessoa Física,RIO DE JANEIRO,RIO DE JANEIRO
22,AB PLAST,AB PLAST MANUFATURADOS PLASTICOS...,Pessoa Física,RIO DE JANEIRO,RIO DE JANEIRO
23,ABATEDOURO AGUA DE PEDRA,ABATEDOURO AGUA DE PEDRA LTDA,Pessoa Física,SAO PAULO,SÃO PAULO
24,ABATEDOURO BOM JESUS,ABATEDOURO BOM JESUS LTDA,Pessoa Física,RIO DE JANEIRO,RIO DE JANEIRO
25,ABATEDOURO VEREDA,EDVALDO ANTONIO LOPES E CIA...,Pessoa Física,RIO DE JANEIRO,RIO DE JANEIRO
26,ABAV,ABAV-ABATEDOURO ATILIO VIVACQUA...,Pessoa Física,SAO PAULO,SÃO PAULO
27,ABB,ABB LTDA,Pessoa Física,RIO DE JANEIRO,RIO DE JANEIRO
28,ABB AUTO,ABB AUTOMACAO LTDA,Pessoa Física,RIO DE JANEIRO,RIO DE JANEIRO
29,ABBASPEL,ABBASPEL INDUSTRIA E COMERCIO...,Pessoa Física,RIO DE JANEIRO,RIO DE JANEIRO
30,ABBOTT,ABBOTT LABORATORIOS DO BRASIL...,Pessoa Física,SAO PAULO,SÃO PAULO
31,ABBRASIL IND,AB BRASIL INDUSTRIA E COMERCIO...,Pessoa Jurídica,VITÓRIA,ESPÍRITO SANTO
32,ABC BORRACHA,ABC ARTEFATOS DE BORRACHA...,Pessoa Jurídica,VITÓRIA,ESPÍRITO SANTO
33,ABC BRASIL,ABC BRASIL COMERCIALIZADORA...,Pessoa Jurídica,VITÓRIA,ESPÍRITO SANTO
34,ABC GROUP,ABC GROUP DO BRASIL LTDA,Pessoa Jurídica,SAO PAULO,SÃO PAULO
35,ABC PLAZA SHOP,CONDOMINIO GRAND PLAZA SHOPPING,Pessoa Jurídica,VITÓRIA,ESPÍRITO SANTO
36,ABEC,ASSOCIACAO BRASILEIRA DE EDUCACAO...,Pessoa Jurídica,SAO PAULO,SÃO PAULO
37,ABENGOA AGROIN,ABENGOA BIOENERGIA AGROINDUSTRIA...,Pessoa Jurídica,SAO PAULO,SÃO PAULO
38,ABEP,ABEP - ACADEMIA BAIANA DE...,Pessoa Jurídica,SAO PAULO,SÃO PAULO
39,ABIMAR,ABIMAR SUPERMERCADOS LTDA,Pessoa Jurídica,SAO PAULO,SÃO PAULO
40,ABL,ACADEMIA BRASILEIRA DE LETRAS,Pessoa Jurídica,SAO PAULO,SÃO PAULO
41,ABRANJO I,ABRANJO GERACAO DE ENERGIA...,Pessoa Jurídica,RIO DE JANEIRO,RIO DE JANEIRO
42,ABRILCOM,ABRIL COMUNICACOES S.A. EM...,Pessoa Jurídica,RIO DE JANEIRO,RIO DE JANEIRO
43,ABUHLER,A BUHLER SA CURTUME,Pessoa Jurídica,RIO DE JANEIRO,RIO DE JANEIRO
44,ACAI BELLO FRUTO,"BELLO FRUTO INDUSTRIA, COMERCIO,...",Pessoa Jurídica,RIO DE JANEIRO,RIO DE JANEIRO
45,ACAI DA AMAZONIA,ACAI DA AMAZONIA EXPORTADORA...,Pessoa Jurídica,SAO PAULO,SÃO PAULO
46,ACAI MACUNAIMA,MACUNAIMA AGROINDUSTRIA E...,Pessoa Jurídica,RIO DE JANEIRO,RIO DE JANEIRO
47,ACAI PARAENSE,ACAI PARAENSE IND. E COM....,Pessoa Jurídica,RIO DE JANEIRO,RIO DE JANEIRO
48,ACAI SANTA HELENA,CASTANHAL COM. DE POLPAS LTDA,Pessoa Jurídica,SAO PAULO,SÃO PAULO
49,ACANTHUS,ACANTHUS PARTICIPACOES S/A,Pessoa Jurídica,SAO PAULO,SÃO PAULO
50,ACAUA,ACAUA ENERGIA S/A,Pessoa Jurídica,VITÓRIA,ESPÍRITO SANTO
51,ACCOR,HOTELARIA ACCOR BRASIL S/A,Pessoa Jurídica,VITÓRIA,ESPÍRITO SANTO
52,ACCOR PO,HHR BT RIO DE JANEIRO INVESTIMENTOS...,Pessoa Jurídica,VITÓRIA,ESPÍRITO SANTO
53,ACCORINVEST,HOTELARIA ACCORINVEST BRASIL...,Pessoa Jurídica,VITÓRIA,ESPÍRITO SANTO
54,ACE,ACE COMERCIALIZADORA LTDA,Pessoa Jurídica,VITÓRIA,ESPÍRITO SANTO
55,ACE SCHMERSAL,ACE SCHMERSAL ELETROELETRONICA...,Pessoa Jurídica,VITÓRIA,ESPÍRITO SANTO
56,ACEL - GSF,AGENTE CENTRALIZADOR DOS EFEITOS...,Pessoa Jurídica,BELO HORIZONTE,MINAS GERAIS
57,ACER,CCEE CÂMARA DE COMERCIALIZAÇÃO...,Pessoa Jurídica,RIO DE JANEIRO,RIO DE JANEIRO
58,ACETECH,ACETECH INDUSTRIA E COMERCIO...,Pessoa Jurídica,BELO HORIZONTE,MINAS GERAIS
59,ACETOW,CERDIA BRASIL INDUSTRIA E...,Pessoa Jurídica,BELO HORIZONTE,MINAS GERAIS
60,ACG DO BRASIL,ACG DO BRASIL S/A,Pessoa Física,BELO HORIZONTE,MINAS GERAIS
61,ACHE LABORATORIOS,ACHE LABORATORIOS FARMACEUTICOS...,Pessoa Física,SAO PAULO,SÃO PAULO
62,ACIVIL GWEST,ASSOCIACAO CIVIL DOS PROPRIETARIOS...,Pessoa Física,SAO PAULO,SÃO PAULO
63,ACNP,ASSOCIACAO DO CONDOMINIO DO...,Pessoa Física,SAO PAULO,SÃO PAULO
64,ACO CEARENSE INDUSTRIAL MATRIZ,ACO CEARENSE INDUSTRIAL LTDA...,Pessoa Física,RIO DE JANEIRO,RIO DE JANEIRO
65,ACO PECAS,ACOPECAS INDUSTRIA DE PECAS...,Pessoa Física,RIO DE JANEIRO,RIO DE JANEIRO
66,ACOFER,ACOFER INDUSTRIA E COMERCIO...,Pessoa Jurídica,RIO DE JANEIRO,RIO DE JANEIRO
67,ACOFERGO,ACOFERGO TUBOS E PERFILADOS...,Pessoa Jurídica,SAO PAULO,SÃO PAULO
68,ACOFORJA,ACOFORJA INDUSTRIA DE FORJADOS...,Pessoa Jurídica,RIO DE JANEIRO,RIO DE JANEIRO
69,ACOKORTE,ACOKORTE IND METALURGICA E...,Pessoa Jurídica,RIO DE JANEIRO,RIO DE JANEIRO
70,ACOME,ACOME DO BRASIL LTDA.,Pessoa Jurídica,RIO DE JANEIRO,RIO DE JANEIRO
71,ACOS VIC,ACOS VIC LTDA,Pessoa Jurídica,SAO PAULO,SÃO PAULO
72,ACOSTUMADO ALIMENTOS LTDA,ACOSTUMADO ALIMENTOS LTDA,Pessoa Jurídica,RIO DE JANEIRO,RIO DE JANEIRO
73,ACOTEL RJ,ACOTEL INDUSTRIA E COMERCIO...,Pessoa Jurídica,RIO DE JANEIRO,RIO DE JANEIRO
74,ACOTUBO,ACOTUBO INDUSTRIA E COMERCIO...,Pessoa Jurídica,RIO DE JANEIRO,RIO DE JANEIRO
75,ACP MOVEIS,A.C.P. INDUSTRIA DE MOVEIS...,Pessoa Jurídica,RIO DE JANEIRO,RIO DE JANEIRO
76,ACPA,ACPA ANODIZACAO DE CHAPAS...,Pessoa Jurídica,RIO DE JANEIRO,RIO DE JANEIRO
77,ACRILEX,ACRILEX TINTAS ESPECIAIS S...,Pessoa Jurídica,RIO DE JANEIRO,RIO DE JANEIRO
78,ACRILYS,ACRILYS DO BRASIL LAMINADOS...,Pessoa Jurídica,SAO PAULO,SÃO PAULO
79,ACSC CORPORATIVO,ASSOCIACAO CONGREGACAO DESANTA...,Pessoa Jurídica,SAO PAULO,SÃO PAULO
80,ACTBOR,ACTBOR FABRICACAO DE ARTEFATOS...,Pessoa Jurídica,SAO PAULO,SÃO PAULO
81,ACUM MOURA,ACUMULADORES MOURA S A,Pessoa Jurídica,SAO PAULO,SÃO PAULO
82,ACUM MOURA SP,MOURA BATERIAS AUTOMOTIVAS...,Pessoa Jurídica,SAO PAULO,SÃO PAULO
83,ACUMENT,ACUMENT BRASIL SISTEMAS DE...,Pessoa Jurídica,SAO PAULO,SÃO PAULO
84,ACUMULADORES CALIFORNIA,F. A. C. FABRICA DE ACUMULADORES...,Pessoa Jurídica,SAO PAULO,SÃO PAULO
85,BARREIRAS V,SOLAR DO SERTAO V ENERGIA...,Pessoa Jurídica,SAO PAULO,SÃO PAULO
86,BARRETOS COUNTRY,BARRETOS COUNTRY THERMAS PARK...,Pessoa Jurídica,SAO PAULO,SÃO PAULO
87,BARROBELLO,CERAMICA BARROBELLO INDUSTRIA...,Pessoa Jurídica,RIO DE JANEIRO,RIO DE JANEIRO
88,BARRY CALLEBAUT,BARRY CALLEBAUT BRASIL INDUSTRIA...,Pessoa Jurídica,BELO HORIZONTE,MINAS GERAIS
89,BARRY ILHEUS,BARRY CALLEBAUT BRASIL INDUSTRIA...,Pessoa Jurídica,SAO PAULO,SÃO PAULO
90,BARRY ITABUNA,BARRY CALLEBAUT BRASIL INDUSTRIA...,Pessoa Jurídica,SAO PAULO,SÃO PAULO
91,BARTIRA,INDUSTRIA DE MOVEIS BARTIRA...,Pessoa Jurídica,SAO PAULO,SÃO PAULO
92,BARTOLOMEU,CENTRAL GERADORA EOLICA BARTOLOMEU...,Pessoa Jurídica,VITÓRIA,ESPÍRITO SANTO
93,BASALTO,BASALTO PEDREIRA E PAVIMENTACAO...,Pessoa Jurídica,VITÓRIA,ESPÍRITO SANTO
94,BASE,BASE INDUSTRIA E COMERCIO...,Pessoa Jurídica,VITÓRIA,ESPÍRITO SANTO
95,BASE HOME SOLUTIONS,BASE COMPONENTES INDUSTRIAIS...,Pessoa Jurídica,VITÓRIA,ESPÍRITO SANTO
96,BASELL,BASELL POLIOLEFINAS LTDA.,Pessoa Jurídica,RIO DE JANEIRO,RIO DE JANEIRO
97,BASF SA,BASF SA,Pessoa Jurídica,SAO PAULO,SÃO PAULO
98,BASF SBC,BASF SA,Pessoa Jurídica,RIO DE JANEIRO,RIO DE JANEIRO
99,BASTON,BASTON INDUSTRIA DE AEROSSOIS...,Pessoa Jurídica,RIO DE JANEIRO,RIO DE JANEIRO
100,BATATAS CROQUES,PRODUTOS ALIMENTICIOS CROQUES...,Pessoa Jurídica,SAO PAULO,SÃO PAULO
101,BATERAX,BATERAX INDUSTRIA E COMERCIO...,Pessoa Jurídica,SAO PAULO,SÃO PAULO
102,BATERIAS JUPITER,JUPITER BATERIAS E COMPONENTES...,Pessoa Física,RIO DE JANEIRO,RIO DE JANEIRO
103,BATTISTELLA,BATTISTELLA INDUSTRIA E COMERCIO...,Pessoa Física,RIO DE JANEIRO,RIO DE JANEIRO
104,BAXTER,BAXTER HOSPITALAR LTDA,Pessoa Jurídica,RIO DE JANEIRO,RIO DE JANEIRO
105,BAYER SP,BAYER S.A.,Pessoa Jurídica,SAO PAULO,SÃO PAULO
106,B O PACKAGING,B.O. PACKAGING BRASIL LTDA,Pessoa Jurídica,SAO PAULO,SÃO PAULO
107,B S ENERGIA RENOVAVEL,B.S. ENERGIA RENOVAVEL LTDA,Pessoa Jurídica,SAO PAULO,SÃO PAULO
108,B2R ENERGIA,B2R COMERCIALIZADORA DE ENERGIA...,Pessoa Física,SAO PAULO,SÃO PAULO
109,BABILONIAI,CENTRAL EOLICA BABILONIA I...,Pessoa Jurídica,VITÓRIA,ESPÍRITO SANTO
110,BABILONIAII,CENTRAL EOLICA BABILONIA II...,Pessoa Jurídica,VITÓRIA,ESPÍRITO SANTO
111,BABILONIAIII,CENTRAL EOLICA BABILONIA III...,Pessoa Jurídica,VITÓRIA,ESPÍRITO SANTO
112,BABILONIAIV,CENTRAL EOLICA BABILONIA IV...,Pessoa Jurídica,VITÓRIA,ESPÍRITO SANTO
113,BABILONIAV,CENTRAL EOLICA BABILONIA V...,Pessoa Jurídica,VITÓRIA,ESPÍRITO SANTO
114,BABY ROGER,HARYON INDUSTRIA E COMERCIO...,Pessoa Jurídica,VITÓRIA,ESPÍRITO SANTO
115,BACIC,BACIC INDUSTRIAL DE PLASTICOS...,Pessoa Jurídica,BELO HORIZONTE,MINAS GERAIS
116,BAESA,BAESA-ENERGETICA BARRA GRANDE...,Pessoa Física,BELO HORIZONTE,MINAS GERAIS
117,BAGATTA,CERAMICA BAGATTA & FILHO...,Pessoa Física,BELO HORIZONTE,MINAS GERAIS
118,BAGLEY,BAGLEY DO BRASIL ALIMENTOS...,Pessoa Jurídica,BELO HORIZONTE,MINAS GERAIS
119,BAGUARI,BAGUARI I GERACAO DE ENERGIA...,Pessoa Jurídica,SAO PAULO,SÃO PAULO
120,BAGUARI ENERG,BAGUARI ENERGIA S.A.,Pessoa Jurídica,SAO PAULO,SÃO PAULO
121,BAHAMAS,SUPERMERCADO BAHAMAS S/A,Pessoa Jurídica,SAO PAULO,SÃO PAULO
122,BAHIA PCH I,BAHIA PCH I S.A.,Pessoa Jurídica,RIO DE JANEIRO,RIO DE JANEIRO
123,BAHIA VIDROS,INDUSTRIA BAIANA DE VIDROS...,Pessoa Jurídica,RIO DE JANEIRO,RIO DE JANEIRO
124,BAIA VERDE,BAIA VERDE INDUSTRIA DE PLASTICOS...,Pessoa Jurídica,RIO DE JANEIRO,RIO DE JANEIRO
125,BAKER HUGHES,BAKER HUGHES DO BRASIL LTDA,Pessoa Jurídica,RIO DE JANEIRO,RIO DE JANEIRO
126,BALANCAS SAO SEBASTIAO,INDUSTRIAL SAO SEBASTIAO EIRELI,Pessoa Jurídica,RIO DE JANEIRO,RIO DE JANEIRO
127,BALBINOT,BALBINOT INDUSTRIA DE IMPLEMENTOS...,Pessoa Jurídica,RIO DE JANEIRO,RIO DE JANEIRO
128,BALDAN AGRICOLAS,BALDAN IMPLEMENTOS AGRICOLAS...,Pessoa Jurídica,SAO PAULO,SÃO PAULO
129,BALDIN,BALDIN BIOENERGIA S.A.,Pessoa Jurídica,SAO PAULO,SÃO PAULO
130,BALDO,BALDO SA COMERCIO INDUSTRIA...,Pessoa Jurídica,SAO PAULO,SÃO PAULO
131,BALESTRO,INDUSTRIA ELETROMECANICA BALESTRO...,Pessoa Física,SAO PAULO,SÃO PAULO
132,BALL,BALL DO BRASIL LTDA,Pessoa Física,SAO PAULO,SÃO PAULO
133,BALL BCSA,BALL BEVERAGE CAN SOUTH AMERICA...,Pessoa Jurídica,RIO DE JANEIRO,RIO DE JANEIRO
134,BALL EMBALAGENS,BALL EMBALAGENS LTDA,Pessoa Jurídica,BELO HORIZONTE,MINAS GERAIS
135,BALPRENSA,BALPRENSA COMERCIO E INDUSTRIA...,Pessoa Física,SAO PAULO,SÃO PAULO
136,BALTEAU,BALTEAU PRODUTOS ELETRICOS...,Pessoa Jurídica,SAO PAULO,SÃO PAULO
137,BANCO BTG PACTUAL,BANCO BTG PACTUAL S.A.,Pessoa Jurídica,SAO PAULO,SÃO PAULO
138,BANCO J SAFRA,BANCO J. SAFRA S.A,Pessoa Jurídica,SAO PAULO,SÃO PAULO
139,BANCO SAFRA CL 514,BANCO SAFRA S A,Pessoa Jurídica,SAO PAULO,SÃO PAULO
140,BANDACOURO,BANDA DE COURO ENERGETICA...,Pessoa Jurídica,SAO PAULO,SÃO PAULO
141,BANDEIRANTE,EDP SAO PAULO DISTRIBUICAO...,Pessoa Jurídica,SAO PAULO,SÃO PAULO
142,BANFILME GRU,INDUSTRIA BANDEIRANTE DE PLASTICOS...,Pessoa Jurídica,SAO PAULO,SÃO PAULO
143,BANFILME SP,IND BANDEIRANTE DE ARTEFATOS...,Pessoa Jurídica,SAO PAULO,SÃO PAULO
144,BANN QUIMICA,BANN QUIMICA LTDA.,Pessoa Jurídica,SAO PAULO,SÃO PAULO
145,BANNACH,CURTUME BANNACH LTDA,Pessoa Jurídica,RIO DE JANEIRO,RIO DE JANEIRO
146,BAPTISTADEALMEIDA,BAPTISTA DE ALMEIDA COMERCIO...,Pessoa Jurídica,BELO HORIZONTE,MINAS GERAIS
147,BARAO DE MAUA,SIDERURGICA BARAO DE MAUA...,Pessoa Jurídica,SAO PAULO,SÃO PAULO
148,BARAUNAS1,BARAUNAS I ENERGETICA S/A,Pessoa Jurídica,SAO PAULO,SÃO PAULO
149,BARAUNAS2,BARAUNAS II ENERGETICA S/A,Pessoa Jurídica,SAO PAULO,SÃO PAULO
150,BARBOSA,BARBOSA & MARQUES S A,Pessoa Jurídica,VITÓRIA,ESPÍRITO SANTO
151,BARBOSA 1,SILVA E BARBOSA COMERCIO DE...,Pessoa Jurídica,VITÓRIA,ESPÍRITO SANTO
152,BARBOSA SUPERMERCADO,B A BARBOSA SUPERMERCADO LTDA,Pessoa Jurídica,VITÓRIA,ESPÍRITO SANTO
153,BARCELLONA,BARCELLONA INDUSTRIA E COMERCIO...,Pessoa Jurídica,SAO PAULO,SÃO PAULO
154,BARCELOS,BARCELOS & CIA LTDA,Pessoa Jurídica,VITÓRIA,ESPÍRITO SANTO
155,BARDELLA,BARDELLA INDUSTRIA PLASTICA...,Pessoa Jurídica,VITÓRIA,ESPÍRITO SANTO
156,BARION INDUSTRIA,BARION INDUSTRIA E COMERCIO...,Pessoa Jurídica,RIO DE JANEIRO,RIO DE JANEIRO
157,BARIRI,INDUSTRIA DE PLASTICOS BARIRI...,Pessoa Jurídica,VITÓRIA,ESPÍRITO SANTO
158,BARRA,BARRA EMPREENDIMENTOS ESPORTIVOS...,Pessoa Jurídica,RIO DE JANEIRO,RIO DE JANEIRO
159,BARRA CLARA,BC SERVICE ENERGETICA S.A.,Pessoa Jurídica,SAO PAULO,SÃO PAULO
160,BARRA DO PIRAI,BARRA ALIMENT. EIRELI,Pessoa Física,SAO PAULO,SÃO PAULO
161,BARRA GRANDE PART,BARRA GRANDE PARTICIPACOES...,Pessoa Física,RIO DE JANEIRO,RIO DE JANEIRO
162,BARRA MANSA,COOPERATIVA AGRO PECUARIA...,Pessoa Jurídica,SAO PAULO,SÃO PAULO
163,BARRA SHOPPING,CONDOMINIO DO SHOPPING CENTER...,Pessoa Jurídica,SAO PAULO,SÃO PAULO
164,BARRA VELHA ALIMENTOS,BARRA VELHA INDUSTRIAL LTDA,Pessoa Jurídica,SAO PAULO,SÃO PAULO
165,BARRACAO,BARRACAO SUPERMERCADO LTDA,Pessoa Jurídica,RIO DE JANEIRO,RIO DE JANEIRO
166,BARRALCOOL,USINA BARRALCOOL S/A,Pessoa Jurídica,RIO DE JANEIRO,RIO DE JANEIRO
167,BARRASHOPPINGSUL,SUB-CONDOMINIO SHOPPING CENTER...,Pessoa Jurídica,RIO DE JANEIRO,RIO DE JANEIRO
168,BARREFLEX,BARREFLEX RECICLAGEM SUMARE...,Pessoa Jurídica,RIO DE JANEIRO,RIO DE JANEIRO
169,CAJOVIL,INDUSTRIA E COMERCIO DE PLASTICOS...,Pessoa Jurídica,SAO PAULO,SÃO PAULO
170,CAJU,MINERACAO CAJU LTDA,Pessoa Jurídica,SAO PAULO,SÃO PAULO
171,CAJU ENERGIA,CAJU ENERGIA LTDA,Pessoa Jurídica,SAO PAULO,SÃO PAULO
172,CAJUGRAM,CAJUGRAM GRANITOS E MARMORES...,Pessoa Jurídica,VITÓRIA,ESPÍRITO SANTO
173,CAJUINA SAO GERALDO,CAJUINA SAO GERALDO LTDA,Pessoa Jurídica,SAO PAULO,SÃO PAULO
174,CAL,INDUSTRIA E COMERCIO DE CONSERVAS...,Pessoa Jurídica,SAO PAULO,SÃO PAULO
175,CAL ARCOIRIS,CAL ARCO IRIS LTDA,Pessoa Jurídica,SAO PAULO,SÃO PAULO
176,CAL CEM,CAL CEM INDUSTRIA DE MINERIOS...,Pessoa Jurídica,SAO PAULO,SÃO PAULO
177,CAL CRUZEIRO,INDUSTRIA DE CAL CRUZEIRO...,Pessoa Jurídica,VITÓRIA,ESPÍRITO SANTO
178,CAL OESTE,CAL OESTE LTDA,Pessoa Jurídica,VITÓRIA,ESPÍRITO SANTO
179,CAL RIO GRANDE,INDUSTRIA DE CAL RIO GRANDE...,Pessoa Jurídica,RIO DE JANEIRO,RIO DE JANEIRO
180,CAL SAN FRANCISCO,INDUSTRIAS DE CAL SAN FRANCISCO...,Pessoa Jurídica,VITÓRIA,ESPÍRITO SANTO
181,CAL-COMP,CAL-COMP INDUSTRIA E COMERCIO...,Pessoa Jurídica,VITÓRIA,ESPÍRITO SANTO
182,CAL-COMP CCBS,CAL-COMP INDUSTRIA DE SEMICONDUTORES...,Pessoa Jurídica,VITÓRIA,ESPÍRITO SANTO
183,CALAMO,CALAMO DISTRIBUIDORA DE PRODUTOS...,Pessoa Jurídica,VITÓRIA,ESPÍRITO SANTO
184,CALANGO 1,CALANGO 1 ENERGIA RENOVAVEL...,Pessoa Jurídica,VITÓRIA,ESPÍRITO SANTO
185,CALANGO 2,CALANGO 2 ENERGIA RENOVAVEL...,Pessoa Jurídica,BELO HORIZONTE,MINAS GERAIS
186,CALANGO 3,CALANGO 3 ENERGIA RENOVAVEL...,Pessoa Jurídica,BELO HORIZONTE,MINAS GERAIS
187,CALANGO 4,CALANGO 4 ENERGIA RENOVAVEL...,Pessoa Jurídica,BELO HORIZONTE,MINAS GERAIS
188,CALANGO 5,CALANGO 5 ENERGIA RENOVAVEL...,Pessoa Jurídica,BELO HORIZONTE,MINAS GERAIS
189,CALANGO 6,CALANGO 6 ENERGIA RENOVAVEL...,Pessoa Jurídica,SAO PAULO,SÃO PAULO
190,CAMPI FRUTAS,CAMPI FRUTAS AGROINDUSTRIAL...,Pessoa Jurídica,VITÓRIA,ESPÍRITO SANTO
191,CAMPIMAGEM,CAMPIMAGEM-CENTRO DE DIAG.POR...,Pessoa Jurídica,SAO PAULO,SÃO PAULO
192,CAMPINAS AEROPORTO HOTEL,CAMPINAS AEROPORTO HOTEL EIRELI,Pessoa Jurídica,RIO DE JANEIRO,RIO DE JANEIRO
193,CAMPINAS SHOPPING,CONDOMINIO CAMPINAS SHOPPING...,Pessoa Jurídica,SAO PAULO,SÃO PAULO
194,CAMPINEIRA,INDUSTRIA CAMPINEIRA DE SABAO...,Pessoa Jurídica,SAO PAULO,SÃO PAULO
195,CAMPING PAINEIRAS,CAMPING FAZENDA PAINEIRAS...,Pessoa Jurídica,SAO PAULO,SÃO PAULO
196,CAMPO LARGO III,CLWP EOLICA PARQUE III S.A.,Pessoa Jurídica,RIO DE JANEIRO,RIO DE JANEIRO
197,CAMPO LARGO IV,CLWP EOLICA PARQUE IV S.A.,Pessoa Jurídica,RIO DE JANEIRO,RIO DE JANEIRO
198,CAMPO LARGO V,CLWP EOLICA PARQUE V S.A.,Pessoa Jurídica,RIO DE JANEIRO,RIO DE JANEIRO
199,CAMPO LARGO VI,CLWP EOLICA PARQUE VI S.A.,Pessoa Jurídica,RIO DE JANEIRO,RIO DE JANEIRO
200,CAMPO LARGO VII,CLWP EOLICA PARQUE VII S.A.,Pessoa Jurídica,SAO PAULO,SÃO PAULO
201,CAMPO LARGO XXI,CLWP EOLICA PARQUE XXI S.A.,Pessoa Jurídica,RIO DE JANEIRO,RIO DE JANEIRO
202,CAMPO LINDO,AGRO INDUSTRIAL CAMPO LINDO...,Pessoa Jurídica,SAO PAULO,SÃO PAULO
203,CAMPOLIMPO,CAMPO LIMPO - RECICLAGEM E...,Pessoa Jurídica,RIO DE JANEIRO,RIO DE JANEIRO
204,CAMPOLIMPO II,CAMPO LIMPO TAMPAS E RESINAS...,Pessoa Jurídica,RIO DE JANEIRO,RIO DE JANEIRO
205,CAMTA,COOPERATIVA AGRICOLA MISTA...,Pessoa Jurídica,SAO PAULO,SÃO PAULO
206,CAN-PACK,CAN-PACK BRASIL INDUSTRIA...,Pessoa Jurídica,SAO PAULO,SÃO PAULO
207,CANAA,CANAA GERACAO DE ENERGIA S/A,Pessoa Jurídica,SAO PAULO,SÃO PAULO
208,CANABRAVA,CANABRAVA ENERGETICA S/A,Pessoa Física,SAO PAULO,SÃO PAULO
209,CANALARTEFATOS,CANAL ARTEFATOS METALICOS...,Pessoa Física,SAO PAULO,SÃO PAULO
210,CANCAO NOVA,FUNDACAO JOAO PAULO II,Pessoa Física,SAO PAULO,SÃO PAULO
211,CARLI,L.F.R.CARLI & CIA. LTDA.,Pessoa Física,SAO PAULO,SÃO PAULO
212,CARLOS BECKER,CARLOS BECKER METALURGICA...,Pessoa Jurídica,SAO PAULO,SÃO PAULO
213,CARMELO FIOR,CERAMICA CARMELO FIOR LTDA,Pessoa Jurídica,SAO PAULO,SÃO PAULO
214,CARMO COURI,CARMO COURI ENGENHARIA E CONSTRUCOES...,Pessoa Jurídica,RIO DE JANEIRO,RIO DE JANEIRO
215,CARMOCAL,MINERADORA CARMOCAL LTDA,Pessoa Física,RIO DE JANEIRO,RIO DE JANEIRO
216,CARNAUBA,USINA DE ENERGIA EOLICA CARNAUBA...,Pessoa Jurídica,RIO DE JANEIRO,RIO DE JANEIRO
217,CARNEMI,CARNEMI FUNDICAO INDUSTRIA...,Pessoa Física,SAO PAULO,SÃO PAULO
218,CARNEVALLI,A CARNEVALLI CIA LTDA,Pessoa Física,SAO PAULO,SÃO PAULO
219,CAROLINA MOVEIS,CAROLINA BABY MOVEIS INFANTIS...,Pessoa Física,SAO PAULO,SÃO PAULO
220,CARRARO,MOVEIS CARRARO LTDA,Pessoa Física,RIO DE JANEIRO,RIO DE JANEIRO
221,CARREFOUR,CARREFOUR COMERCIO E INDUSTRIA...,Pessoa Jurídica,BELO HORIZONTE,MINAS GERAIS
222,CARREFOUR II,COMERCIAL DE ALIMENTOS CARREFOUR...,Pessoa Jurídica,SAO PAULO,SÃO PAULO
223,CARRER ALIMENTOS,CARRER ALIMENTOS LTDA,Pessoa Física,SAO PAULO,SÃO PAULO
224,CARROSSEL,N F SUPERMERCADOS LTDA,Pessoa Jurídica,SAO PAULO,SÃO PAULO
225,CARTA FABRIL CL,CARTA GOIAS INDUSTRIA E COMERCIO...,Pessoa Jurídica,VITÓRIA,ESPÍRITO SANTO
226,CARTON PACK,EMBALAGEM CARTON PACK LTDA,Pessoa Física,VITÓRIA,ESPÍRITO SANTO
227,CARTONAGEM,CARTONAGEM JAUENSE LTDA,Pessoa Física,VITÓRIA,ESPÍRITO SANTO
228,CARTONAGEM BATISTENSE,CARTONAGEM BATISTENSE LTDA,Pessoa Física,VITÓRIA,ESPÍRITO SANTO
229,CARTONALE,CARTONALE INDUSTRIA E BENEFICIAMENTO...,Pessoa Jurídica,SAO PAULO,SÃO PAULO
230,CARTONDRUCK,CARTONDRUCK GRAFICA LTDA,Pessoa Jurídica,SAO PAULO,SÃO PAULO
231,CARTONIFICIO,CARTONIFICIO VALINHOS S A,Pessoa Jurídica,SAO PAULO,SÃO PAULO
232,DISSOLTEX,DISSOLTEX INDUSTRIA QUIMICA...,Pessoa Jurídica,SAO PAULO,SÃO PAULO
233,DIST DE ALIMENTOS ALBUQUERQUE,DISTRIBUIDORA DE ALIMENTOS...,Pessoa Física,SAO PAULO,SÃO PAULO
234,DIST RIO MINAS,DISTRIBUIDORA DE EMBALAGENS...,Pessoa Física,RIO DE JANEIRO,RIO DE JANEIRO
235,DISTON,DISTON PARTICIPACOES E CONSTRUCOES...,Pessoa Física,RIO DE JANEIRO,RIO DE JANEIRO
236,DISTRIB ARAGUAIA,CDA COMPANHIA DE DISTRIBUICAO...,Pessoa Jurídica,RIO DE JANEIRO,RIO DE JANEIRO
237,DISTRIBOI,"DISTRIBOI - INDUSTRIA, COMERCIO...",Pessoa Física,RIO DE JANEIRO,RIO DE JANEIRO
238,DITALIA,DITALIA MOVEIS INDUSTRIAL...,Pessoa Jurídica,SAO PAULO,SÃO PAULO
239,DIVIBRAS,DIVIBRAS COMERCIO DE VIDROS...,Pessoa Física,SAO PAULO,SÃO PAULO
240,DIVIMAX,DIVIMAX INDUSTRIA E COMERCIO...,Pessoa Física,VITÓRIA,ESPÍRITO SANTO
241,DIVINAL,DIVINAL DISTRIBUIDORA DE VIDROS...,Pessoa Física,VITÓRIA,ESPÍRITO SANTO
242,DIVINAL MINEIRA,DIVINAL MINEIRA VIDROS E ESPELHOS...,Pessoa Física,VITÓRIA,ESPÍRITO SANTO
243,DIVINE VIDROS,DIVINE VIDROS DE SEGURANCA...,Pessoa Física,VITÓRIA,ESPÍRITO SANTO
244,DIVISA,DIVISA ENERGIA LTDA,Pessoa Física,VITÓRIA,ESPÍRITO SANTO
245,DIVISAO WALITA,PHILIPS DO BRASIL LTDA,Pessoa Física,VITÓRIA,ESPÍRITO SANTO
246,DIX,DIX ADMINISTRACAO E EMPREENDIMENTOS...,Pessoa Jurídica,BELO HORIZONTE,MINAS GERAIS
247,DJ MOVEIS,DJ INDUSTRIA E COMERCIO DE...,Pessoa Jurídica,BELO HORIZONTE,MINAS GERAIS
248,DJM CEREAIS,DJM INDUSTRIA DE ALIMENTOS...,Pessoa Jurídica,BELO HORIZONTE,MINAS GERAIS
249,DM EMP,DM EMPREENDIMENTOS COMERCIAIS...,Pessoa Jurídica,BELO HORIZONTE,MINAS GERAIS
250,DM HOTELARIA,DM HOTELARIA E SERVICOS LTDA,Pessoa Jurídica,SAO PAULO,SÃO PAULO
251,DMA EPA,DMA DISTRIBUIDORA S/A,Pessoa Física,SAO PAULO,SÃO PAULO
252,DMED,DME DISTRIBUICAO S.A. - DMED,Pessoa Física,SAO PAULO,SÃO PAULO
253,EMBALAGENS VIVA,EMBALAGENS VIVA INDUSTRIA...,Pessoa Jurídica,RIO DE JANEIRO,RIO DE JANEIRO
254,EMBALATEC,EMBALATEC INDUSTRIAL LTDA,Pessoa Jurídica,RIO DE JANEIRO,RIO DE JANEIRO
255,EMBALIXO,EMBALIXO INDUSTRIA E COMERCIO...,Pessoa Física,RIO DE JANEIRO,RIO DE JANEIRO
256,EMBAPLASTIK,SEGATO & FRASCARELI EMBALAGENS...,Pessoa Física,RIO DE JANEIRO,RIO DE JANEIRO
257,EMBARE,EMBARE INDUSTRIAS ALIMENTICIAS...,Pessoa Física,RIO DE JANEIRO,RIO DE JANEIRO
258,EMBASA,EMPRESA BAIANA DE AGUAS E...,Pessoa Jurídica,RIO DE JANEIRO,RIO DE JANEIRO
259,EMBASUL,CTM INDUSTRIA E COMERCIO DE...,Pessoa Física,SAO PAULO,SÃO PAULO
260,EMBAUBA,HIDRELETRICA EMBAUBA S/A,Pessoa Física,SAO PAULO,SÃO PAULO
261,EMBDIADEMA,EMBALAGENS FLEXIVEIS DIADEMA...,Pessoa Jurídica,RIO DE JANEIRO,RIO DE JANEIRO
262,EMBRACO INDUSTRIA,EMBRACO INDUSTRIA DE COMPRESSORES...,Pessoa Jurídica,RIO DE JANEIRO,RIO DE JANEIRO
263,EMBRAER,EMBRAER S.A.,Pessoa Jurídica,RIO DE JANEIRO,RIO DE JANEIRO
264,EMBRAMACO,EMBRAMACO - EMPRESA BRASILEIRA...,Pessoa Jurídica,SAO PAULO,SÃO PAULO
265,EMBRAPORT,EMBRAPORT EMPRESA BRASILEIRA...,Pessoa Jurídica,SAO PAULO,SÃO PAULO
266,EMBRASA,EMBRASA EMBALAGEM BRASILEIRA...,Pessoa Jurídica,SAO PAULO,SÃO PAULO
267,EMBRASATEC,EMBRASATEC INDUSTRIA E COMERCIO...,Pessoa Física,SAO PAULO,SÃO PAULO
268,EMBRASIL IMPRESSORA,EMBRASIL IMPRESSORA LTDA,Pessoa Física,SAO PAULO,SÃO PAULO
269,EMBU ENG E COM,EMBU S A ENGENHARIA E COMERCIO,Pessoa Física,SAO PAULO,SÃO PAULO
270,EMEWE,EMEWE COMERCIALIZACAO DE ENERGIA...,Pessoa Física,SAO PAULO,SÃO PAULO
271,EMFOL,EMFOL - EMPRESA DE MINERACAO...,Pessoa Física,SAO PAULO,SÃO PAULO
272,EMIBRA,EMIBRA IND E COM DE EMBALAGENS...,Pessoa Jurídica,SAO PAULO,SÃO PAULO
273,EMICOL,EMICOL ELETRO ELETRONICA S.A.,Pessoa Jurídica,SAO PAULO,SÃO PAULO
274,EMILIANO RJ,EMILIANO RJ EMPREENDIMENTOS...,Pessoa Física,SAO PAULO,SÃO PAULO
275,EMPETUR,EMPRESA DE TURISMO DE PERNAMBUCO...,Pessoa Física,RIO DE JANEIRO,RIO DE JANEIRO
276,EMPLAL,EMPLAL C.O. EMBALAGENS PLASTICAS...,Pessoa Jurídica,BELO HORIZONTE,MINAS GERAIS
277,EMPLAL NE,EMPLAL NORDESTE EMBALAGENS...,Pessoa Física,SAO PAULO,SÃO PAULO
278,EMPLASTIC,EMPLASTIC INDUSTRIA E COMERCIO...,Pessoa Física,SAO PAULO,SÃO PAULO
279,EMPRESA CATARINENSE,EMPRESA CATARINENSE DE SUPERMERCADOS...,Pessoa Física,SAO PAULO,SÃO PAULO
280,EMS SA,EMS S/A,Pessoa Física,VITÓRIA,ESPÍRITO SANTO
281,EMULZINT,EMULZINT ADITIVOS ALIMENTICIOS...,Pessoa Física,VITÓRIA,ESPÍRITO SANTO
282,ENDUTEX BRASIL,ENDUTEX BRASIL LTDA.,Pessoa Jurídica,VITÓRIA,ESPÍRITO SANTO
283,ENDUTEX FILIAL,ENDUTEX BRASIL LTDA.,Pessoa Física,VITÓRIA,ESPÍRITO SANTO
284,ENECEL,"ENECEL ENERGIA, COMERCIALIZACAO...",Pessoa Jurídica,SAO PAULO,SÃO PAULO
285,ENEL,ENEL SOLUCOES ENERGETICAS...,Pessoa Jurídica,SAO PAULO,SÃO PAULO
286,ENEL ITUVERAVA SOLAR,ENEL GREEN POWER ITUVERAVA...,Pessoa Jurídica,RIO DE JANEIRO,RIO DE JANEIRO
287,ENEL NORTE SOLAR,ENEL GREEN POWER ITUVERAVA...,Pessoa Jurídica,SAO PAULO,SÃO PAULO
288,ENEL PARANAPANEMA CONV,ENEL GREEN POWER PARANAPANEMA...,Pessoa Física,SAO PAULO,SÃO PAULO
289,ENEL SANTA ANGELA 11,ENEL GREEN POWER VENTOS DE...,Pessoa Jurídica,SAO PAULO,SÃO PAULO
290,ENEL SUL SOLAR,ENEL GREEN POWER ITUVERAVA...,Pessoa Jurídica,SAO PAULO,SÃO PAULO
291,ENEL TRADING BRASIL,ENEL TRADING BRASIL S.A,Pessoa Jurídica,RIO DE JANEIRO,RIO DE JANEIRO
292,ENERCAN,CAMPOS NOVOS ENERGIA S.A.,Pessoa Física,RIO DE JANEIRO,RIO DE JANEIRO
293,ENERCASA,ENERCASA - ENERGIA CAIUA S/A,Pessoa Jurídica,RIO DE JANEIRO,RIO DE JANEIRO
294,ENERGAS,ENERGAS GERACAO DE ENERGIA...,Pessoa Física,SAO PAULO,SÃO PAULO
295,F AMERICANO ABAT,SANTA IZABEL ALIMENTOS LTDA,Pessoa Jurídica,SAO PAULO,SÃO PAULO
296,F AMERICANO AVINEL,SANTA IZABEL ALIMENTOS LTDA,Pessoa Jurídica,SAO PAULO,SÃO PAULO
297,F AMERICANO INCUB,SANTA IZABEL ALIMENTOS LTDA,Pessoa Jurídica,SAO PAULO,SÃO PAULO
298,F AMERICANO RACAO,SANTA IZABEL ALIMENTOS LTDA,Pessoa Jurídica,SAO PAULO,SÃO PAULO
299,F ITABAIANA,FIACAO ITABAIANA LTDA,Pessoa Jurídica,SAO PAULO,SÃO PAULO
300,F M G ENERGIA,F M G ENERGIA LTDA,Pessoa Jurídica,SAO PAULO,SÃO PAULO
301,F M U DIREITO,FACULDADES METROPOLITANAS...,Pessoa Física,VITÓRIA,ESPÍRITO SANTO
302,F MOGUL ARARAS,FEDERAL-MOGUL SISTEMAS AUTOMOTIVOS...,Pessoa Física,VITÓRIA,ESPÍRITO SANTO
303,F MOGUL DIAD,FEDERAL-MOGUL SISTEMAS AUTOMOTIVOS...,Pessoa Física,VITÓRIA,ESPÍRITO SANTO
304,FA FILIAL MEC,FCA FIAT CHRYSLER AUTOMOVEIS...,Pessoa Física,VITÓRIA,ESPÍRITO SANTO
305,FA MARINGA,FA MARINGA LTDA,Pessoa Física,VITÓRIA,ESPÍRITO SANTO
306,FA VARGEM GRANDE,SANTA IZABEL ALIMENTOS LTDA,Pessoa Física,VITÓRIA,ESPÍRITO SANTO
307,FABBOF,FABBOF INDUSTRIA METALURGICA...,Pessoa Física,BELO HORIZONTE,MINAS GERAIS
308,FABER CASTEL AMAZONIA,A. W. FABER-CASTELL AMAZONIA...,Pessoa Física,BELO HORIZONTE,MINAS GERAIS
309,FABER CASTELL,A.W. FABER CASTELL S.A.,Pessoa Física,BELO HORIZONTE,MINAS GERAIS
310,FABINJECT,FABINJECT INDUSTRIA PLASTICA...,Pessoa Jurídica,BELO HORIZONTE,MINAS GERAIS
311,FABIO PERINI,FABIO PERINI INDUSTRIA E COMERCIO...,Pessoa Física,SAO PAULO,SÃO PAULO
312,FABRICA VITORIA PARA,INDUSTRIA E COMERCIO DE ALIMENTOS...,Pessoa Jurídica,SAO PAULO,SÃO PAULO
313,FABRICAL,FABRICAL FABRICA DE CAL SA,Pessoa Jurídica,SAO PAULO,SÃO PAULO
314,FABRICIO,FABRICIO INDUSTRIA PETROQUIMICA...,Pessoa Jurídica,RIO DE JANEIRO,RIO DE JANEIRO
315,FABRIMAR,FABRIMAR S A INDUSTRIA E COMERCIO,Pessoa Jurídica,RIO DE JANEIRO,RIO DE JANEIRO
316,FACCHINI,FACCHINI S/A,Pessoa Jurídica,RIO DE JANEIRO,RIO DE JANEIRO
317,FACEPA,FACEPA FABRICA DE PAPEL DA...,Pessoa Jurídica,RIO DE JANEIRO,RIO DE JANEIRO
318,FACS,FACS SERVICOS EDUCACIONAIS...,Pessoa Jurídica,RIO DE JANEIRO,RIO DE JANEIRO
319,FACTOPLAST,FACTOPLAST INDUSTRIA E COMERCIO...,Pessoa Jurídica,RIO DE JANEIRO,RIO DE JANEIRO
320,FACULDADE LA SALLE,SOCIEDADE PORVIR CIENTIFICO,Pessoa Jurídica,SAO PAULO,SÃO PAULO
321,FACULDADE SAO LUIS,ASSOCIACAO JABOTICABALENSE...,Pessoa Jurídica,VITÓRIA,ESPÍRITO SANTO
322,FACULDADES ALFA,CENTRO EDUCACIONAL ALVES FARIA...,Pessoa Jurídica,SAO PAULO,SÃO PAULO
323,FACULDADES CATHEDRAL,FACULDADE CATHEDRAL DE ENSINO...,Pessoa Jurídica,SAO PAULO,SÃO PAULO
324,FADALEAL,FADALEAL SUPERMERCADOS LTDA,Pessoa Jurídica,SAO PAULO,SÃO PAULO
325,FAE,FAE SISTEMAS DE MEDICAO S/A,Pessoa Jurídica,RIO DE JANEIRO,RIO DE JANEIRO
326,FAENZA,FAENZA PLANEJADOS LTDA,Pessoa Física,RIO DE JANEIRO,RIO DE JANEIRO
327,FAESA,FUNDACAO DE ASSISTENCIA E...,Pessoa Jurídica,RIO DE JANEIRO,RIO DE JANEIRO
328,FAGOR,FAGOR EDERLAN BRASILEIRA AUTO-PECAS...,Pessoa Física,RIO DE JANEIRO,RIO DE JANEIRO
329,FAIG,FAIG - FUNDICAO DE ACO INOX...,Pessoa Física,RIO DE JANEIRO,RIO DE JANEIRO
330,FAIRES,FUNDICAO VENANCIO AIRES LTDA,Pessoa Jurídica,RIO DE JANEIRO,RIO DE JANEIRO
331,FAJ,INSTITUTO EDUCACIONAL JAGUARY...,Pessoa Jurídica,SAO PAULO,SÃO PAULO
332,FAKINI,FKN TEXTIL LTDA,Pessoa Jurídica,SAO PAULO,SÃO PAULO
333,FALLGATTER,METALURGICA FALLGATTER LTDA,Pessoa Física,SAO PAULO,SÃO PAULO
334,FAMA BRASIL,FAMA DO BRASIL INDUSTRIA DE...,Pessoa Física,SAO PAULO,SÃO PAULO
335,FAMA METALS,FAMA METALS INDÚSTRIA DE ARTEFATOS...,Pessoa Jurídica,SAO PAULO,SÃO PAULO
336,FAMA MOVEIS,FAMA MOVEIS DE TUPA LTDA,Pessoa Jurídica,SAO PAULO,SÃO PAULO
337,FAMASTILM,PRAT-K MOVEIS E FERRAMENTAS...,Pessoa Física,RIO DE JANEIRO,RIO DE JANEIRO
338,FAME CL,FAME - FABRICA DE APARELHOS...,Pessoa Jurídica,BELO HORIZONTE,MINAS GERAIS
339,FAMOSSUL,FAMOSSUL MADEIRAS S/A,Pessoa Física,SAO PAULO,SÃO PAULO
340,FANAVID,FANAVID FABRICA NACIONAL DE...,Pessoa Jurídica,SAO PAULO,SÃO PAULO
341,FANIA,FANIA COMERCIO E INDUSTRIA...,Pessoa Jurídica,SAO PAULO,SÃO PAULO
342,FANOR DUNAS,ADTALEM EDUCACIONAL DO BRASIL...,Pessoa Física,VITÓRIA,ESPÍRITO SANTO
343,FANTE,FANTE INDUSTRIA DE BEBIDAS...,Pessoa Física,VITÓRIA,ESPÍRITO SANTO
344,FAPASA,FAPASA FABRICA DE PAPEL LTDA,Pessoa Física,VITÓRIA,ESPÍRITO SANTO
345,FAPOLPA INDUSTRIA,FAPOLPA INDUSTRIA DE PAPEL...,Pessoa Física,VITÓRIA,ESPÍRITO SANTO
346,FAQUEADAS,INDUSTRIA DE MADEIRAS FAQUEADAS...,Pessoa Física,SAO PAULO,SÃO PAULO
347,FARBEN,FARBEN SA INDUSTRIA QUIMICA,Pessoa Jurídica,SAO PAULO,SÃO PAULO
348,FAREVA,"FAREVA DESENVOLVIMENTO, FABRICACAO...",Pessoa Jurídica,RIO DE JANEIRO,RIO DE JANEIRO
349,FARFRI,FARFRI INDUSTRIA E COMERCIO...,Pessoa Jurídica,RIO DE JANEIRO,RIO DE JANEIRO
350,FARIA LIMA SQUARE,EDIFICIO FARIA LIMA SQUARE,Pessoa Jurídica,RIO DE JANEIRO,RIO DE JANEIRO
351,FARID VAREJO,FARID VAREJO LTDA,Pessoa Jurídica,RIO DE JANEIRO,RIO DE JANEIRO
352,FARIMA,FARIMA INDUSTRIA E COMERCIO...,Pessoa Jurídica,SAO PAULO,SÃO PAULO
353,FARINA,FARINA S/A COMPONENTES AUTOMOTIVOS,Pessoa Física,SAO PAULO,SÃO PAULO
354,FARINHA PINDUCA,PINDUCA INDUSTRIA ALIMENTICIA...,Pessoa Física,SAO PAULO,SÃO PAULO
355,FARMA,FARMA LOGISTICA E ARMAZENS...,Pessoa Física,SAO PAULO,SÃO PAULO
356,FARMACAP,FARMACAP INDUSTRIA E COMERCIO...,Pessoa Jurídica,SAO PAULO,SÃO PAULO
357,FARMAPLAS,FARMAPLAS RECICLAGEM INDUSTRIA...,Pessoa Jurídica,SAO PAULO,SÃO PAULO
358,FARMAPLAST,FARMAPLAST INDUSTRIA DE EMBALAGEM...,Pessoa Jurídica,SAO PAULO,SÃO PAULO
359,FARMARIN,FARMARIN INDUSTRIA E COMERCIO...,Pessoa Jurídica,SAO PAULO,SÃO PAULO
360,FARMINA,FARMINA PET FOODS BRASIL LTDA,Pessoa Jurídica,VITÓRIA,ESPÍRITO SANTO
361,FAROL,GE FAROL S/A,Pessoa Jurídica,VITÓRIA,ESPÍRITO SANTO
362,FAROS,FAROS INDUSTRIA DE FARINHA...,Pessoa Física,VITÓRIA,ESPÍRITO SANTO
363,FARROUPILHA,LALLEMAND SOLUCOES AGROBIOLOGICAS...,Pessoa Física,VITÓRIA,ESPÍRITO SANTO
364,FASANO,HOTEL MARCO INTERNACIONAL...,Pessoa Física,VITÓRIA,ESPÍRITO SANTO
365,FASHION MALL,CONDOMINIO SAO CONRADO FASHION...,Pessoa Jurídica,VITÓRIA,ESPÍRITO SANTO
366,FASIPE,FASIPE CENTRO EDUCACIONAL...,Pessoa Jurídica,BELO HORIZONTE,MINAS GERAIS
367,FAST GONDOLAS,FAST GONDOLAS EQUIPAMENTOS...,Pessoa Física,BELO HORIZONTE,MINAS GERAIS
368,FASTPLAS,FASTPLAS AUTOMOTIVE LTDA.,Pessoa Física,BELO HORIZONTE,MINAS GERAIS
369,FATEX,"FATEX INDUSTRIA, COMERCIO,...",Pessoa Física,BELO HORIZONTE,MINAS GERAIS
370,FATOR ENERGIA,FATOR ENERGIA LTDA,Pessoa Jurídica,SAO PAULO,SÃO PAULO
371,FAULIN TELHAS,FAULIN TELHAS LTDA,Pessoa Jurídica,SAO PAULO,SÃO PAULO
372,FAURECIA DDA,FAURECIA AUTOMOTIVE DO BRASIL...,Pessoa Física,SAO PAULO,SÃO PAULO
373,FAURECIA QB,FAURECIA AUTOMOTIVE DO BRASIL...,Pessoa Física,RIO DE JANEIRO,RIO DE JANEIRO
374,FAURECIA SBC,FAURECIA AUTOMOTIVE DO BRASIL...,Pessoa Física,RIO DE JANEIRO,RIO DE JANEIRO
375,FAURECIA SJP,FAURECIA AUTOMOTIVE DO BRASIL...,Pessoa Jurídica,RIO DE JANEIRO,RIO DE JANEIRO
376,FAV,FAV - FUNDICAO AGUA VERMELHA...,Pessoa Física,RIO DE JANEIRO,RIO DE JANEIRO
377,FAVORITO,COMERCIAL PRAIAS BELAS LTDA,Pessoa Física,RIO DE JANEIRO,RIO DE JANEIRO
378,FAZENDA,ENEL GREEN POWER FAZENDA S.A,Pessoa Física,RIO DE JANEIRO,RIO DE JANEIRO
379,GELOTIMO BH,MEGA GELOTIMO MINAS LTDA,Pessoa Física,SAO PAULO,SÃO PAULO
380,GEM ALIMENTOS,GEM AGROINDUSTRIAL E COMERCIAL...,Pessoa Física,SAO PAULO,SÃO PAULO
381,GEMALTO,THALES DIS BRASIL CARTOES...,Pessoa Física,SAO PAULO,SÃO PAULO
382,GENCAU,GENCAU SAO PAULO - INDUSTRIA...,Pessoa Física,SAO PAULO,SÃO PAULO
383,GENERAL CABLE,GENERAL CABLE BRASIL INDUSTRIA...,Pessoa Física,RIO DE JANEIRO,RIO DE JANEIRO
384,GENERAL CHAINS,GENERAL CHAINS DO BRASIL LTDA.,Pessoa Física,RIO DE JANEIRO,RIO DE JANEIRO
385,GENERAL MILLS,GENERAL MILLS BRASIL ALIMENTOS...,Pessoa Física,RIO DE JANEIRO,RIO DE JANEIRO
386,GENESEAS,GENESEAS AQUACULTURA LTDA,Pessoa Física,RIO DE JANEIRO,RIO DE JANEIRO
387,GENESIS ENERG,GENESIS ENERGETICA SA.,Pessoa Física,RIO DE JANEIRO,RIO DE JANEIRO
388,GENIALFLEX,GENIALFLEX MOVEIS LTDA,Pessoa Física,RIO DE JANEIRO,RIO DE JANEIRO
389,GENIX,GENIX - INDUSTRIA FARMACEUTICA...,Pessoa Física,SAO PAULO,SÃO PAULO
390,GENOVA,GENOVA INDUSTRIA E COMERCIO...,Pessoa Jurídica,SAO PAULO,SÃO PAULO
391,GENSYS,GENSYS TECNOLOGIA E SISTEMAS...,Pessoa Jurídica,SAO PAULO,SÃO PAULO
392,GEO ELETRICA,GEO ELETRICA TAMBOARA BIOENERGIA...,Pessoa Física,SAO PAULO,SÃO PAULO
393,GEOBV,EOLICA BAIXA VERDE S.A.,Pessoa Física,RIO DE JANEIRO,RIO DE JANEIRO
394,GEOCAL,GEOCAL MINERACOES LTDA.,Pessoa Física,BELO HORIZONTE,MINAS GERAIS
395,GEOCV,EOLICA CABECO VERMELHO S.A.,Pessoa Jurídica,SAO PAULO,SÃO PAULO
396,GEOCV II,EOLICA CABECO VERMELHO II...,Pessoa Jurídica,SAO PAULO,SÃO PAULO
397,GEOLAB,GEOLAB INDUSTRIA FARMACEUTICA...,Pessoa Física,SAO PAULO,SÃO PAULO
398,GEOTEX,GEOTEX ACESSORIOS DO VESTUARIO...,Pessoa Física,VITÓRIA,ESPÍRITO SANTO
399,GEPCO,GEPCO INDUSTRIA E COMERCIO...,Pessoa Física,VITÓRIA,ESPÍRITO SANTO
400,GE INDUSTRIAL,ABB INDUSTRIAL CONNECTIONS...,Pessoa Física,VITÓRIA,ESPÍRITO SANTO
401,GE JANDIRA,GE OIL & GAS DO BRASIL...,Pessoa Física,VITÓRIA,ESPÍRITO SANTO
402,GE POWER,GE POWER CONVERSION BRASIL...,Pessoa Física,SAO PAULO,SÃO PAULO
403,GE RESEARCH,GE CENTRO BRASILEIRO DE PESQUISAS...,Pessoa Jurídica,SAO PAULO,SÃO PAULO
404,GE TAUBATE,GE ENERGIAS RENOVAVEIS LTDA.,Pessoa Jurídica,SAO PAULO,SÃO PAULO
405,GE WELLSTREAM,GE OIL & GAS DO BRASIL...,Pessoa Jurídica,SAO PAULO,SÃO PAULO
406,GEBON,GEBON SORVETES LTDA,Pessoa Jurídica,SAO PAULO,SÃO PAULO
407,GECAL,GECAL INDUSTRIA E COMERCIO...,Pessoa Jurídica,RIO DE JANEIRO,RIO DE JANEIRO
408,GECAL SERRA,GECAL SERRA INDUSTRIA E COMERCIO...,Pessoa Física,RIO DE JANEIRO,RIO DE JANEIRO
409,GECELE,GECELE METALURGICA LTDA,Pessoa Física,RIO DE JANEIRO,RIO DE JANEIRO
410,GEDORE,FERRAMENTAS GEDORE DO BRASIL...,Pessoa Física,RIO DE JANEIRO,RIO DE JANEIRO
411,GELICIA,BALDISSERA & FILHO LTDA,Pessoa Jurídica,RIO DE JANEIRO,RIO DE JANEIRO
412,GELITA,GELITA DO BRASIL LTDA.,Pessoa Jurídica,SAO PAULO,SÃO PAULO
413,GELIUS MOVEIS,GELIUS-INDUSTRIA DE MOVEIS...,Pessoa Física,SAO PAULO,SÃO PAULO
414,GELLAK,GELLAK INDUSTRIA E COMERCIO...,Pessoa Jurídica,VITÓRIA,ESPÍRITO SANTO
415,GELNEX,GELNEX INDUSTRIA E COMERCIO...,Pessoa Jurídica,VITÓRIA,ESPÍRITO SANTO
416,GELO ARIS,ARIS INDUSTRIA E COMERCIO...,Pessoa Jurídica,VITÓRIA,ESPÍRITO SANTO
417,GELO MONTE CLARO,INDUSTRIA ALIMENTICIA MONTE...,Pessoa Física,VITÓRIA,ESPÍRITO SANTO
418,GELO PINGUIM,MARGARETH CASTILHO DE MATOS,Pessoa Física,VITÓRIA,ESPÍRITO SANTO
419,GELOSIA,GELOSIA ARMAZENAGEM FRIGORIFICA...,Pessoa Jurídica,VITÓRIA,ESPÍRITO SANTO
420,GELOTIMO,FABRICA DE GELO RAMIA E MARQUES...,Pessoa Física,BELO HORIZONTE,MINAS GERAIS
421,GARROTE,CENTRAL EOLICA GARROTE S.A.,Pessoa Física,BELO HORIZONTE,MINAS GERAIS
422,GARTHEN,GARTHEN INDUSTRIA E COMERCIO...,Pessoa Jurídica,BELO HORIZONTE,MINAS GERAIS
423,GARUVAABRASIVOS,GARUVA ABRASIVOS LTDA,Pessoa Jurídica,BELO HORIZONTE,MINAS GERAIS
424,GAS VERDE SE,GAS VERDE S/A,Pessoa Jurídica,SAO PAULO,SÃO PAULO
425,GASCOM,GASCOM COMERCIALIZADORA DE...,Pessoa Jurídica,SAO PAULO,SÃO PAULO
426,GASTAO,GASTAO SCHWENGBER & CIA...,Pessoa Jurídica,SAO PAULO,SÃO PAULO
427,GATES,GATES DO BRASIL INDUSTRIA...,Pessoa Física,RIO DE JANEIRO,RIO DE JANEIRO
428,GAVEA,GAVEA COMERCIALIZADORA DE...,Pessoa Jurídica,RIO DE JANEIRO,RIO DE JANEIRO
429,GAZIN MOLAS,GAZIN INDUSTRIA E COMERCIO...,Pessoa Jurídica,RIO DE JANEIRO,RIO DE JANEIRO
430,GAZIN MOVEIS,GAZIN INDUSTRIA E COMERCIO...,Pessoa Física,RIO DE JANEIRO,RIO DE JANEIRO
431,GCA,GCA COMERCIALIZADORA DE ENERGIA...,Pessoa Jurídica,RIO DE JANEIRO,RIO DE JANEIRO
432,GCABE ELECTRIC,GCABE ELECTRIC CONDUCTORS...,Pessoa Jurídica,RIO DE JANEIRO,RIO DE JANEIRO
433,GCABE PRODUTOS,GCABE PRODUTOS ELETRICOS LTDA,Pessoa Física,SAO PAULO,SÃO PAULO
434,GDC MATRIZ,GDC ALIMENTOS S.A,Pessoa Jurídica,SAO PAULO,SÃO PAULO
435,GDM,GDM INDUSTRIA E COMERCIO DE...,Pessoa Física,SAO PAULO,SÃO PAULO
436,GE ALSTOM BANDEIRANTE,GE ENERGIAS RENOVAVEIS LTDA.,Pessoa Jurídica,SAO PAULO,SÃO PAULO
437,GE ALSTOM ITAJUBA,GRID SOLUTIONS TRANSMISSAO...,Pessoa Física,SAO PAULO,SÃO PAULO
438,GE CAMACARI,GE ENERGIAS RENOVAVEIS LTDA.,Pessoa Jurídica,RIO DE JANEIRO,RIO DE JANEIRO
439,GE CELMA,GE CELMA LTDA.,Pessoa Jurídica,RIO DE JANEIRO,RIO DE JANEIRO
440,GE GRID CANOAS,GRID SOLUTIONS TRANSMISSAO...,Pessoa Física,RIO DE JANEIRO,RIO DE JANEIRO
441,GE HEALTHCARE MATRIZ,GE HEALTHCARE DO BRASIL COMERCIO...,Pessoa Jurídica,RIO DE JANEIRO,RIO DE JANEIRO
442,G PANIZ,G PANIZ INDUSTRIA DE EQUIPAMENTOS...,Pessoa Jurídica,RIO DE JANEIRO,RIO DE JANEIRO
443,G&D,G & D GERADORA DE ENERGIA...,Pessoa Jurídica,SAO PAULO,SÃO PAULO
444,G-KT DO BRASIL,G-KT DO BRASIL LTDA,Pessoa Física,SAO PAULO,SÃO PAULO
445,G13 MADEIRAS,G 13 MADEIRAS LTDA,Pessoa Física,SAO PAULO,SÃO PAULO
446,GAAM,GAAM INDUSTRIA E COMERCIO...,Pessoa Jurídica,SAO PAULO,SÃO PAULO
447,GABOARDI,SA FOSFOROS GABOARDI,Pessoa Física,SAO PAULO,SÃO PAULO
448,GAC,GAC - GESTAO DE CONDOMINIOS...,Pessoa Jurídica,SAO PAULO,SÃO PAULO
449,GACO,GERDAU ACOMINAS S/A,Pessoa Jurídica,RIO DE JANEIRO,RIO DE JANEIRO
450,GALA,GALA - IBB INDUSTRIA BRASILEIRA...,Pessoa Jurídica,SAO PAULO,SÃO PAULO
451,GALB,GERDAU ACOS LONGOS S.A.,Pessoa Jurídica,BELO HORIZONTE,MINAS GERAIS
452,GALEGAO,SUPER SUPERMERCADOS EIRELI,Pessoa Física,SAO PAULO,SÃO PAULO
453,GALICIA,GALICIA DESENVOLVIMENTO IMOBILIARIO...,Pessoa Física,SAO PAULO,SÃO PAULO
454,GALPLAST,GALPLAST PLASTICOS EIRELI,Pessoa Física,SAO PAULO,SÃO PAULO
455,GALVANI MINERACAO,GALVANI MINERACAO E PARTICIPACOES...,Pessoa Jurídica,VITÓRIA,ESPÍRITO SANTO
456,GALVANOTEK,GALVANOTEK EMBALAGENS LTDA.,Pessoa Física,VITÓRIA,ESPÍRITO SANTO
457,GALZERANO,GALZERANO INDUSTRIA DE CARRINHOS...,Pessoa Jurídica,VITÓRIA,ESPÍRITO SANTO
458,GAMA,GAMA COMERCIALIZADORA DE ENERGIA...,Pessoa Jurídica,RIO DE JANEIRO,RIO DE JANEIRO
459,GANDINI,GANDINI PARTICIPACOES E REPRESENTACOES...,Pessoa Física,SAO PAULO,SÃO PAULO
460,GARBONI,GARBONI INDUSTRIA DE PLASTICOS...,Pessoa Jurídica,SAO PAULO,SÃO PAULO
461,GAREN,GAREN AUTOMACAO S/A,Pessoa Física,SAO PAULO,SÃO PAULO
462,GAROTO,CHOCOLATES GAROTO LTDA.,Pessoa Jurídica,SAO PAULO,SÃO PAULO
463,H HOTEL NITEROI,HOTEL E BAR PRAIA DAS FLEXAS...,Pessoa Física,SAO PAULO,SÃO PAULO
464,H&A,H & A FERRO E ACO LTDA,Pessoa Física,SAO PAULO,SÃO PAULO
465,HAC JAHU,FUNDACAO DOUTOR AMARAL CARVALHO,Pessoa Física,SAO PAULO,SÃO PAULO
466,HACKER,HACKER INDUSTRIAL LTDA,Pessoa Física,SAO PAULO,SÃO PAULO
467,HACO ETIQUETAS,HACO ETIQUETAS LTDA,Pessoa Jurídica,SAO PAULO,SÃO PAULO
468,HACO ETIQUETAS NOR,HACO ETIQUETAS DO NORDESTE...,Pessoa Jurídica,SAO PAULO,SÃO PAULO
469,HADEX,HADEX COMERCIO E INDUSTRIA...,Pessoa Jurídica,SAO PAULO,SÃO PAULO
470,HAGA,HAGA S/A INDUSTRIA E COMERCIO,Pessoa Jurídica,SAO PAULO,SÃO PAULO
471,HAGF,FUNDACAO FILANT E BENEF DE...,Pessoa Jurídica,VITÓRIA,ESPÍRITO SANTO
472,HAK,HAK FABRICA DE FUSOS E PASSAMANARIA...,Pessoa Física,VITÓRIA,ESPÍRITO SANTO
473,HALEX ISTAR,HALEX ISTAR INDUSTRIA FARMACEUTICA...,Pessoa Física,VITÓRIA,ESPÍRITO SANTO
474,HALLEY GRAFICA,HALLEY SA GRAFICA E EDITORA,Pessoa Física,VITÓRIA,ESPÍRITO SANTO
475,HALLIBURTON,HALLIBURTON SERVICOS LTDA,Pessoa Jurídica,VITÓRIA,ESPÍRITO SANTO
476,HARALD,HARALD INDUSTRIA E COMERCIO...,Pessoa Física,BELO HORIZONTE,MINAS GERAIS
477,HARIBO,HARIBO BRASIL INDUSTRIA E...,Pessoa Jurídica,BELO HORIZONTE,MINAS GERAIS
478,HARMAN DO BRASIL,HARMAN DO BRASIL INDUSTRIA...,Pessoa Jurídica,BELO HORIZONTE,MINAS GERAIS
479,HAROLPEL,HAROLPEL INDUSTRIA DE PAPEIS...,Pessoa Jurídica,BELO HORIZONTE,MINAS GERAIS
480,HAROLPEL 2 CL,H.P. INDUSTRIA DE PAPEIS EIRELI,Pessoa Jurídica,SAO PAULO,SÃO PAULO
481,HARTMANN INDUSTRIA,HARTMANN INDUSTRIA E COMERCIO...,Pessoa Jurídica,SAO PAULO,SÃO PAULO
482,HARVEL PARTICIPACOES,HARVEL PARTICIPACOES LTDA.,Pessoa Física,SAO PAULO,SÃO PAULO
483,HAS,HOSPITAL ALBERT SABIN LTDA,Pessoa Jurídica,RIO DE JANEIRO,RIO DE JANEIRO
484,I5 COMERCIALIZADORA,I5 ENERGIA COMERCIALIZADORA...,Pessoa Física,RIO DE JANEIRO,RIO DE JANEIRO
485,IABV,I A B V IND DE ARTEFATOS DE...,Pessoa Física,RIO DE JANEIRO,RIO DE JANEIRO
486,IACANGA BIO,IPIRANGA BIOENERGIA IACANGA...,Pessoa Física,RIO DE JANEIRO,RIO DE JANEIRO
487,IANA ALIMENTOS,INDUSTRIA E COMERCIO DE ALIMENTOS...,Pessoa Jurídica,RIO DE JANEIRO,RIO DE JANEIRO
488,IANA3,AVICOLA CATARINENSE ARMAZENS...,Pessoa Física,RIO DE JANEIRO,RIO DE JANEIRO
489,IATE CLUBE,IATE CLUBE DE SANTOS,Pessoa Jurídica,SAO PAULO,SÃO PAULO
490,IATEC,INSTITUTO ADVENTISTA DE ENSINO,Pessoa Física,SAO PAULO,SÃO PAULO
491,IB CACAU,INDUSTRIA BRASILEIRA DE CACAU...,Pessoa Física,SAO PAULO,SÃO PAULO
492,IBAC,I.B.A.C. INDUSTRIA BRASILEIRA...,Pessoa Física,VITÓRIA,ESPÍRITO SANTO
493,IBAPLAC,IBAPLAC INDUSTRIA DE PLASTICOS...,Pessoa Física,SAO PAULO,SÃO PAULO
494,IBAR LTDA,INDUSTRIAS BRASILEIRAS DE...,Pessoa Jurídica,SAO PAULO,SÃO PAULO
495,IBAR NORDESTE,IBAR NORDESTE LTDA,Pessoa Jurídica,SAO PAULO,SÃO PAULO
496,IBCC,INSTITUTO BRASILEIRO DE CONTROLE...,Pessoa Jurídica,SAO PAULO,SÃO PAULO
497,IBEL,IBEL INDUSTRIA DE BORRACHA...,Pessoa Jurídica,SAO PAULO,SÃO PAULO
498,IBEMA CL,IBEMA COMPANHIA BRASILEIRA...,Pessoa Física,SAO PAULO,SÃO PAULO
499,IBEMA EMBU,IBEMA COMPANHIA BRASILEIRA...,Pessoa Jurídica,SAO PAULO,SÃO PAULO
500,IBER-OLEFF,IBER-OLEFF BRASIL LTDA,Pessoa Física,SAO PAULO,SÃO PAULO
501,IBERIA EMBALAGENS,IBERIA INDUSTRIA DE EMBALAGENS...,Pessoa Jurídica,RIO DE JANEIRO,RIO DE JANEIRO
502,IBERKRAFT,IBERKRAFT INDUSTRIA DE PAPEL...,Pessoa Física,RIO DE JANEIRO,RIO DE JANEIRO
503,IBEROSTAR,NOLANDIS EMPREENDIMENTOS E...,Pessoa Jurídica,RIO DE JANEIRO,RIO DE JANEIRO
504,IBERSUL,IBERSUL INDUSTRIA DE PAPEL...,Pessoa Jurídica,RIO DE JANEIRO,RIO DE JANEIRO
505,J A COMERCIALIZADORA,J.A. COMERCIALIZADORA DE ENERGIA...,Pessoa Física,SAO PAULO,SÃO PAULO
506,J E J,JOHNSON & JOHNSON INDUSTRIAL...,Pessoa Física,RIO DE JANEIRO,RIO DE JANEIRO
507,J MACEDO SAL MASSAS,J MACEDO S/A,Pessoa Física,BELO HORIZONTE,MINAS GERAIS
508,J O BIOENERGIA,J O BIOENERGIA S.A.,Pessoa Jurídica,SAO PAULO,SÃO PAULO
509,J SERRANO,TEXTIL J SERRANO LTDA,Pessoa Jurídica,SAO PAULO,SÃO PAULO
510,JA PLASTICOS,JA TRANSFORMACAO E RECICLAGEM...,Pessoa Física,SAO PAULO,SÃO PAULO
511,JA TEIXEIRA,J A TEIXEIRA VETERINARIA LTDA,Pessoa Física,VITÓRIA,ESPÍRITO SANTO
512,JABIL AM,JABIL INDUSTRIAL DO BRASIL...,Pessoa Física,VITÓRIA,ESPÍRITO SANTO
513,JABIL MG,JABIL DO BRASIL INDUSTRIA...,Pessoa Física,VITÓRIA,ESPÍRITO SANTO
514,JACAREZINHO,COMPANHIA AGRICOLA USINA JACAREZINHO,Pessoa Física,VITÓRIA,ESPÍRITO SANTO
515,JACOBINA,JACOBINA MINERACAO E COMERCIO...,Pessoa Física,SAO PAULO,SÃO PAULO
516,JACOMAR,SUPERMERCADO JACOMAR LTDA,Pessoa Jurídica,SAO PAULO,SÃO PAULO
517,JAEPEL,JAEPEL PAPEIS E EMBALAGENS...,Pessoa Física,SAO PAULO,SÃO PAULO
518,JAGUAFRANGOS,JAGUAFRANGOS INDUSTRIA E COMERCIO...,Pessoa Física,SAO PAULO,SÃO PAULO
519,JAGUAR,JAGUAR INDUSTRIA E COMERCIO...,Pessoa Física,SAO PAULO,SÃO PAULO
520,JAGUAR LR,JAGUAR E LAND ROVER BRASIL...,Pessoa Jurídica,SAO PAULO,SÃO PAULO
521,JAGUARE BUSINESS PARK,JAGUARE BUSINESS PARK,Pessoa Jurídica,SAO PAULO,SÃO PAULO
522,JAGUARPACK,JAGUARPACK INDUSTRIA E COMERCIO...,Pessoa Jurídica,SAO PAULO,SÃO PAULO
523,JAIBA SE1,JAIBA SE1 ENERGIAS RENOVAVEIS...,Pessoa Física,SAO PAULO,SÃO PAULO
524,JAL INDUSTRIAL,JAL INDUSTRIA E COMERCIO DE...,Pessoa Física,SAO PAULO,SÃO PAULO
525,JAMAICA,JAMAICA INDUSTRIA DE ARTEFATOS...,Pessoa Jurídica,SAO PAULO,SÃO PAULO
526,K&G,K & G INDUSTRIA E COMERCIO...,Pessoa Física,VITÓRIA,ESPÍRITO SANTO
527,K1 COLCHOES,K1 COLCHOES LTDA,Pessoa Física,VITÓRIA,ESPÍRITO SANTO
528,KABEL,KABEL INDUSTRIA E COMERCIO...,Pessoa Jurídica,VITÓRIA,ESPÍRITO SANTO
529,KADESH,KADESH CALCADOS PROFISSIONAIS...,Pessoa Jurídica,VITÓRIA,ESPÍRITO SANTO
530,KAEFER,KAEFER AGRO INDUSTRIAL LTDA,Pessoa Física,VITÓRIA,ESPÍRITO SANTO
531,KAISER NORDESTE,CERVEJARIAS KAISER NORDESTE...,Pessoa Física,VITÓRIA,ESPÍRITO SANTO
532,KAISER RS,CERVEJARIAS KAISER BRASIL...,Pessoa Jurídica,BELO HORIZONTE,MINAS GERAIS
533,KALIMO,KALIMO TEXTIL LTDA,Pessoa Jurídica,BELO HORIZONTE,MINAS GERAIS
534,KANAFLEX S A,KANAFLEX S/A INDUSTRIA DE...,Pessoa Física,BELO HORIZONTE,MINAS GERAIS
535,KANJIKO SALTO,KANJIKO DO BRASIL INDUSTRIA...,Pessoa Jurídica,BELO HORIZONTE,MINAS GERAIS
536,KANJIKO SOROCABA,KANJIKO DO BRASIL INDUSTRIA...,Pessoa Física,SAO PAULO,SÃO PAULO
537,KANSAS,VERTICAL EMPREENDIMENTOS ESPORTIVOS...,Pessoa Física,SAO PAULO,SÃO PAULO
538,KAPAZI,KAPAZI INDUSTRIA E COMERCIO...,Pessoa Física,SAO PAULO,SÃO PAULO
539,KAPERSUL ARA,KAPERSUL INDUSTRIA E COMERCIO...,Pessoa Jurídica,RIO DE JANEIRO,RIO DE JANEIRO
540,KAPPESBERG CL,MOVEIS K1 LTDA,Pessoa Física,RIO DE JANEIRO,RIO DE JANEIRO
541,KARINA,KARINA INDUSTRIA E COMERCIO...,Pessoa Jurídica,RIO DE JANEIRO,RIO DE JANEIRO
542,KARINA PISOS,KARINA PISOS E REVESTIMENTOS...,Pessoa Física,RIO DE JANEIRO,RIO DE JANEIRO
543,KARNE KEIJO 101,KARNE KEIJO - LOGISTICA INTEGRADA...,Pessoa Física,RIO DE JANEIRO,RIO DE JANEIRO
544,KARSTEN,KARSTEN S.A.,Pessoa Física,RIO DE JANEIRO,RIO DE JANEIRO
545,KASKIN,KASKIN INDUSTRIA E COMERCIO...,Pessoa Física,SAO PAULO,SÃO PAULO
546,KASPARYFILIAL,CERAMICA KASPARY LTDA,Pessoa Física,SAO PAULO,SÃO PAULO
547,L C A,L.C.A-IND.E COM. DE PRODUTOS...,Pessoa Jurídica,SAO PAULO,SÃO PAULO
548,L I S GRAFICA,L I S GRAFICA E EDITORA LTDA,Pessoa Física,SAO PAULO,SÃO PAULO
549,L M COSTA FARIA,L. M. COSTA FARIA & CIA...,Pessoa Física,RIO DE JANEIRO,RIO DE JANEIRO
550,L M HOTEIS,L M ORGANIZACAO HOTELEIRA...,Pessoa Física,RIO DE JANEIRO,RIO DE JANEIRO
551,L MERLIN,LEROY MERLIN COMPANHIA BRASILEIRA...,Pessoa Jurídica,RIO DE JANEIRO,RIO DE JANEIRO
552,LA LUBINA,LA LUBINA COMERCIAL LTDA,Pessoa Física,SAO PAULO,SÃO PAULO
553,LA MODA,INDUSTRIA E COMERCIO DE CONFECCOES...,Pessoa Jurídica,SAO PAULO,SÃO PAULO
554,LA PASTINA,REAL COMERCIAL EIRELI,Pessoa Física,SAO PAULO,SÃO PAULO
555,LA SALLE,ASSOCIACAO BRASILEIRA DE EDUCADORES...,Pessoa Física,RIO DE JANEIRO,RIO DE JANEIRO
556,LA VIOLETERA,IMPORTADORA DE FRUTAS LA VIOLETERA...,Pessoa Jurídica,RIO DE JANEIRO,RIO DE JANEIRO
557,LABEL PACKING,LABEL PACKING INDUSTRIA DE...,Pessoa Física,RIO DE JANEIRO,RIO DE JANEIRO
558,LABELPRESS,LABELPRESS INDUSTRIA E COMERCIO...,Pessoa Jurídica,RIO DE JANEIRO,RIO DE JANEIRO
559,LABMED,LABMED LABORATORIO MEDICO...,Pessoa Jurídica,SAO PAULO,SÃO PAULO
560,LABORATORIO GLOBO,LABORATORIO GLOBO LTDA,Pessoa Jurídica,SAO PAULO,SÃO PAULO
561,LABORATORIO TEUTO,LABORATORIO TEUTO BRASILEIRO...,Pessoa Física,RIO DE JANEIRO,RIO DE JANEIRO
562,LABORPRINT,LABORPRINT GRAFICA E EDITORA...,Pessoa Física,BELO HORIZONTE,MINAS GERAIS
563,LABORTEX,LABORTEX IND E COM DE PRODUTOS...,Pessoa Física,SAO PAULO,SÃO PAULO
564,LAC LELO,LATICINIOS SAO JOAO S/A,Pessoa Física,SAO PAULO,SÃO PAULO
565,LACARPEX,LACARPEX - LAMINADOS CARPINTARIA...,Pessoa Física,SAO PAULO,SÃO PAULO
566,LACERDOPOLIS ENERGETICA,LACERDOPOLIS ENERGETICA S.A,Pessoa Jurídica,VITÓRIA,ESPÍRITO SANTO
567,LACQUA,L'ACQUA LAVANDERIAS LTDA,Pessoa Jurídica,VITÓRIA,ESPÍRITO SANTO
568,M CRUZEIRO PE,MOINHOS CRUZEIRO DO SUL S...,Pessoa Física,VITÓRIA,ESPÍRITO SANTO
569,M CRUZEIRO RS,MOINHOS CRUZEIRO DO SUL S...,Pessoa Jurídica,VITÓRIA,ESPÍRITO SANTO
570,M DIAS BRANCO,M DIAS BRANCO S.A. INDUSTRIA...,Pessoa Jurídica,SAO PAULO,SÃO PAULO
571,M DIAS BRANCO - GME,M DIAS BRANCO S.A. INDUSTRIA...,Pessoa Jurídica,SAO PAULO,SÃO PAULO
572,M DIAS BRANCO - MUCURIPE,M DIAS BRANCO S.A. INDUSTRIA...,Pessoa Física,SAO PAULO,SÃO PAULO
573,M DIAS BRANCO BA,M DIAS BRANCO S.A. INDUSTRIA...,Pessoa Física,RIO DE JANEIRO,RIO DE JANEIRO
574,M DIAS BRANCO PR,M DIAS BRANCO S.A. INDUSTRIA...,Pessoa Jurídica,RIO DE JANEIRO,RIO DE JANEIRO
575,M DIAS BRANCO RS,M DIAS BRANCO S.A. INDUSTRIA...,Pessoa Jurídica,RIO DE JANEIRO,RIO DE JANEIRO
576,M&G BRASIL,INDORAMA VENTURES FIBRAS BRASIL...,Pessoa Física,RIO DE JANEIRO,RIO DE JANEIRO
577,M&G MINERACAO,M&G MINERACAO DE CALCARIO...,Pessoa Jurídica,SAO PAULO,SÃO PAULO
578,MA AUTOMOTIVE,MA AUTOMOTIVE BRASIL LTDA.,Pessoa Física,SAO PAULO,SÃO PAULO
579,MABEL,CIPA-INDUSTRIAL DE PRODUTOS...,Pessoa Jurídica,SAO PAULO,SÃO PAULO
580,MABU HOTEIS,EMPRESA HOTELEIRA MABU LTDA,Pessoa Jurídica,SAO PAULO,SÃO PAULO
581,MAC 01,MAC 01 - COMERCIALIZADORA...,Pessoa Física,VITÓRIA,ESPÍRITO SANTO
582,MAC GARCIA,M A C GARCIA & CIA LTDA,Pessoa Física,VITÓRIA,ESPÍRITO SANTO
583,MACAE COM,TERMOMACAE COMERCIALIZADORA...,Pessoa Física,VITÓRIA,ESPÍRITO SANTO
584,MACAMBIRA I,GESTAMP EOLICA MACAMBIRA I...,Pessoa Física,VITÓRIA,ESPÍRITO SANTO
585,MACAMBIRA II,GESTAMP EOLICA MACAMBIRA II...,Pessoa Jurídica,VITÓRIA,ESPÍRITO SANTO
586,MACCAFERRI,MACCAFERRI DO BRASIL LTDA,Pessoa Física,VITÓRIA,ESPÍRITO SANTO
587,MACCRO EMBALLAGE,MACCRO EMBALLAGE INDUSTRIA...,Pessoa Jurídica,VITÓRIA,ESPÍRITO SANTO
588,MACEIO SHOPPING,CONDOMINIO MACEIO SHOPPING...,Pessoa Jurídica,BELO HORIZONTE,MINAS GERAIS
589,OBA,GRUPO FARTURA DE HORTIFRUT...,Pessoa Física,BELO HORIZONTE,MINAS GERAIS
590,OBA ATACADO,POLO SUPER ATACADO LTDA,Pessoa Física,BELO HORIZONTE,MINAS GERAIS
591,OBER,OBER SA INDUSTRIA E COMERCIO,Pessoa Jurídica,BELO HORIZONTE,MINAS GERAIS
592,OBRAMAX,BMB MATERIAL DE CONSTRUCAO...,Pessoa Física,SAO PAULO,SÃO PAULO
593,OCEANEERING,MARINE PRODUCTION SYSTEMS...,Pessoa Física,SAO PAULO,SÃO PAULO
594,OCEANO SUL,OCEANO INDUSTRIA GRAFICA E...,Pessoa Jurídica,SAO PAULO,SÃO PAULO
595,OCRIM,OCRIM S A PRODUTOS ALIMENTICIOS,Pessoa Física,RIO DE JANEIRO,RIO DE JANEIRO
596,OCRIM MATRIZ CL,OCRIM S A PRODUTOS ALIMENTICIOS,Pessoa Física,RIO DE JANEIRO,RIO DE JANEIRO
597,ODERICH,CONSERVAS ODERICH SA,Pessoa Física,RIO DE JANEIRO,RIO DE JANEIRO
598,OERLIKON BALZERS,OERLIKON BALZERS REVESTIMENTOS...,Pessoa Jurídica,RIO DE JANEIRO,RIO DE JANEIRO
599,OESA,OESA COMERCIO E REPRESENTACOES...,Pessoa Jurídica,RIO DE JANEIRO,RIO DE JANEIRO
600,OESTE DE CANOAS,OESTE DE CANOAS PETROLEO E...,Pessoa Física,RIO DE JANEIRO,RIO DE JANEIRO
601,OETKER,DR. OETKER BRASIL LTDA.,Pessoa Física,SAO PAULO,SÃO PAULO
602,OETTERER,ASSOCIACAO DAS EMPRESAS DE...,Pessoa Jurídica,SAO PAULO,SÃO PAULO
603,OFFICE TOWER,CONDOMINIO CENTRO EMPRESARIAL...,Pessoa Física,SAO PAULO,SÃO PAULO
604,OFNER,MARTINS DA COSTA & CIA...,Pessoa Física,SAO PAULO,SÃO PAULO
605,OH SOBRADO,OH SOBRADO GERADORA DE ENERGIA...,Pessoa Física,SAO PAULO,SÃO PAULO
606,OITIS 1,OITIS 1 ENERGIA RENOVAVEL...,Pessoa Jurídica,RIO DE JANEIRO,RIO DE JANEIRO
607,OITIS 8,OITIS 8 ENERGIA RENOVAVEL...,Pessoa Física,RIO DE JANEIRO,RIO DE JANEIRO
608,OJI PAPEIS,OJI PAPEIS ESPECIAIS LTDA,Pessoa Jurídica,RIO DE JANEIRO,RIO DE JANEIRO
609,OKE,OKE DO BRASIL MATERIAIS SINTETICOS...,Pessoa Física,RIO DE JANEIRO,RIO DE JANEIRO
610,P SANTA MONICA,PEDREIRA SANTA MONICA LTDA,Pessoa Física,SAO PAULO,SÃO PAULO
611,P SANTO CRISTO,PEDREIRA SANTO CRISTO INDUSTRIA...,Pessoa Física,SAO PAULO,SÃO PAULO
612,P&C ARTEMOBILI,ARTEMOBILI MOVEIS LTDA,Pessoa Jurídica,SAO PAULO,SÃO PAULO
613,PABOVI,PABOVI INDUSTRIA DE PLASTICOS...,Pessoa Física,SAO PAULO,SÃO PAULO
614,PACHA,ARCOS COMERCIO IMPORTACAO...,Pessoa Física,SAO PAULO,SÃO PAULO
615,PACIFICO,PACIFICO INDUSTRIA E COMERCIO...,Pessoa Física,SAO PAULO,SÃO PAULO
616,PACIFICO MASCARENHAS,PACIFICO MASCARENHAS ENERGETICA...,Pessoa Física,SAO PAULO,SÃO PAULO
617,PACIFICO SUL,PACIFICO SUL INDUSTRIA TEXTIL...,Pessoa Física,RIO DE JANEIRO,RIO DE JANEIRO
618,PACIFIL,PACIFIL BRASIL- INDUSTRIA...,Pessoa Física,BELO HORIZONTE,MINAS GERAIS
619,PACKSEVEN,PACKSEVEN - INDUSTRIA E COMERCIO...,Pessoa Física,SAO PAULO,SÃO PAULO
620,PACTO COMERCIALIZADORA,PACTO COMERCIALIZADORA DE...,Pessoa Física,SAO PAULO,SÃO PAULO
621,PADARIA BRASIL,F & M PANIFICACAO LTDA,Pessoa Física,SAO PAULO,SÃO PAULO
622,PADARIA REAL,REAL ALIMENTOS LTDA .,Pessoa Física,VITÓRIA,ESPÍRITO SANTO
623,PADO,PADO S A INDUSTRIAL COMERCIAL...,Pessoa Física,VITÓRIA,ESPÍRITO SANTO
624,PAGLIARIN,PAGLIARIN & CIA LTDA,Pessoa Física,VITÓRIA,ESPÍRITO SANTO
625,PAGUE MENOS COMERCIO,PAGUE MENOS COMERCIO DE PRODUTOS...,Pessoa Física,VITÓRIA,ESPÍRITO SANTO
626,PAINCO,PAINCO INDUSTRIA E COMERCIO...,Pessoa Física,SAO PAULO,SÃO PAULO
627,PAJEU,MINERADORA VALE DO PAJEU LTDA,Pessoa Jurídica,SAO PAULO,SÃO PAULO
628,PAJUÇARA,MILTON ALVES INDUSTRIA E COMERCIO...,Pessoa Física,SAO PAULO,SÃO PAULO
629,PALANQUINHO,SERRANA ENERGETICA S/A.,Pessoa Física,SAO PAULO,SÃO PAULO
630,PALATO,ESPECIARYA INDUSTRIA E COMERCIO...,Pessoa Jurídica,SAO PAULO,SÃO PAULO
631,Q-BURGUER,Q-BURGUER COMERCIO DE CARNES...,Pessoa Física,SAO PAULO,SÃO PAULO
632,QGE,QUEIROZ GALVAO ENERGETICA...,Pessoa Física,SAO PAULO,SÃO PAULO
633,QGER ACARAI,CENTRAL GERADORA EOLICA ACARI...,Pessoa Física,SAO PAULO,SÃO PAULO
634,QGER ALBUQUE,CENTRAL GERADORA EOLICA ALBUQUERQUE...,Pessoa Física,SAO PAULO,SÃO PAULO
635,QGER ANEMOI,CENTRAL GERADORA EOLICA ANEMOI...,Pessoa Jurídica,SAO PAULO,SÃO PAULO
636,QGER APELIOT,CENTRAL GERADORA EOLICA APELIOTES...,Pessoa Jurídica,SAO PAULO,SÃO PAULO
637,QGER ARENA,CENTRAL GERADORA EOLICA ARENA...,Pessoa Física,SAO PAULO,SÃO PAULO
638,QGP,QGP QUIMICA GERAL S/A,Pessoa Física,VITÓRIA,ESPÍRITO SANTO
639,QMOVI,QMOVI INDUSTRIA MOVELEIRA...,Pessoa Física,VITÓRIA,ESPÍRITO SANTO
640,QUADRI,INDUSTRIA DE MOVEIS QUADRI...,Pessoa Física,VITÓRIA,ESPÍRITO SANTO
641,QUALISTEEL,QUALISTEEL - FUNDICAO DE PRECISAO...,Pessoa Física,VITÓRIA,ESPÍRITO SANTO
642,QUALITTI ALIMENTOS,ABATEDORA AVICOLA SANTA VITORIA...,Pessoa Física,VITÓRIA,ESPÍRITO SANTO
643,QUALITY TEMPER,QUALITY TEMPER VIDROS LTDA,Pessoa Física,VITÓRIA,ESPÍRITO SANTO
644,QUALYTUBO,QUALYTUBO INDUSTRIA E COMERCIO...,Pessoa Física,BELO HORIZONTE,MINAS GERAIS
645,QUANTA GERACAO,QUANTA GERACAO S/A,Pessoa Jurídica,BELO HORIZONTE,MINAS GERAIS
646,QUANTIQ,QUANTIQ DISTRIBUIDORA LTDA,Pessoa Física,BELO HORIZONTE,MINAS GERAIS
647,QUANTUM GESTAO,QUANTUM COMERCIALIZACAO E...,Pessoa Física,BELO HORIZONTE,MINAS GERAIS
648,QUATA BARRA GRANDE,ACUCAREIRA QUATA S/A,Pessoa Física,SAO PAULO,SÃO PAULO
649,QUATA SAO JOSE,ACUCAREIRA QUATA S/A,Pessoa Física,SAO PAULO,SÃO PAULO
650,QUATIARA ENERG,QUATIARA ENERGIA S.A.,Pessoa Física,SAO PAULO,SÃO PAULO
651,QUATRELATI,QUATRELATI ALIMENTOS LTDA,Pessoa Física,RIO DE JANEIRO,RIO DE JANEIRO
652,R BONITO,RODEIO BONITO HIDRELETRICA...,Pessoa Física,RIO DE JANEIRO,RIO DE JANEIRO
653,R DESIGN BAR,CONDOMINIO DO EDIFICIO RIO...,Pessoa Física,RIO DE JANEIRO,RIO DE JANEIRO
654,R G GUIMARAES,R G GUIMARAES,Pessoa Física,RIO DE JANEIRO,RIO DE JANEIRO
655,RA GARRAFAS,RA GARRAFAS INDUSTRIA E COMERCIO...,Pessoa Física,RIO DE JANEIRO,RIO DE JANEIRO
656,RACOES GOLFINHO,INDUSTRIA E COMERCIO DE RACOES...,Pessoa Física,RIO DE JANEIRO,RIO DE JANEIRO
657,RACOES PLANALTO,RACOES PLANALTO DE CAMPO BELO...,Pessoa Física,SAO PAULO,SÃO PAULO
658,RACRI,RACRI INDUSTRIA DE RECICLAGEM...,Pessoa Física,SAO PAULO,SÃO PAULO
659,RADICI,RADICIFIBRAS INDUSTRIA E COMERCIO...,Pessoa Física,SAO PAULO,SÃO PAULO
660,RADIX ENERGIA,RADIX ENERGIA LTDA,Pessoa Jurídica,SAO PAULO,SÃO PAULO
661,RAESA,RIO AMAZONAS ENERGIA S/A,Pessoa Física,SAO PAULO,SÃO PAULO
662,RAFISA,RAFISA COMERCIO E INDUSTRIA...,Pessoa Física,SAO PAULO,SÃO PAULO
663,RAFITEC,RAFITEC S/A INDUSTRIA E COMERCIO...,Pessoa Física,SAO PAULO,SÃO PAULO
664,RAFT,RAFT EMBALAGENS LTDA,Pessoa Jurídica,RIO DE JANEIRO,RIO DE JANEIRO
665,RAGUIFE,RAGUIFE INDUSTRIA E COMERCIO...,Pessoa Física,RIO DE JANEIRO,RIO DE JANEIRO
666,RAHCROL,RAHCROL COMERCIALIZACAO DE...,Pessoa Física,RIO DE JANEIRO,RIO DE JANEIRO
667,RAIADROGASIL SECO,RAIA DROGASIL S/A,Pessoa Jurídica,RIO DE JANEIRO,RIO DE JANEIRO
668,RAINHA DA PAZ,FRIGORIFICO RAINHA DA PAZ...,Pessoa Física,RIO DE JANEIRO,RIO DE JANEIRO
669,RAIZEN BIOGAS,RAIZEN-GEO BIOGAS S.A.,Pessoa Jurídica,SAO PAULO,SÃO PAULO
670,RAIZEN COMBUSTIVEIS,RAIZEN COMBUSTIVEIS S.A.,Pessoa Física,SAO PAULO,SÃO PAULO
671,RAIZEN ENERGIA,RAIZEN ENERGIA S.A,Pessoa Física,SAO PAULO,SÃO PAULO
672,RAIZEN PARAGUACU,RAIZEN PARAGUACU LTDA,Pessoa Física,RIO DE JANEIRO,RIO DE JANEIRO
673,S JARDIM SUL,CONDOMINIO SHOPPING JARDIM...,Pessoa Física,BELO HORIZONTE,MINAS GERAIS
674,S PLANALTO,J MARTINS SUPERMERCADOS PLANALTO...,Pessoa Jurídica,SAO PAULO,SÃO PAULO
675,S SEBASTIAO,SAO SEBASTIAO EMPREENDIMENTOS...,Pessoa Física,SAO PAULO,SÃO PAULO
676,SA CARVALHO,SA CARVALHO S/A,Pessoa Física,SAO PAULO,SÃO PAULO
677,SA MOAGEIRA,S A MOAGEIRA E AGRICOLA,Pessoa Jurídica,VITÓRIA,ESPÍRITO SANTO
678,SAARGUMMI,SAARGUMMI DO BRASIL LTDA,Pessoa Física,VITÓRIA,ESPÍRITO SANTO
679,SABAF,SABAF DO BRASIL LTDA,Pessoa Jurídica,VITÓRIA,ESPÍRITO SANTO
680,SABARA,SABARA QUIMICOS E INGREDIENTES...,Pessoa Jurídica,VITÓRIA,ESPÍRITO SANTO
681,SABESP,CIA DE SANEAMENTO BASICO DO...,Pessoa Jurídica,SAO PAULO,SÃO PAULO
682,SABIC,SABIC INNOVATIVE PLASTICS...,Pessoa Jurídica,SAO PAULO,SÃO PAULO
683,SABIN,LABORATORIO SABIN DE ANALISES...,Pessoa Física,SAO PAULO,SÃO PAULO
684,SABO,SABO INDUSTRIA E COMERCIO...,Pessoa Jurídica,SAO PAULO,SÃO PAULO
685,SABORY,PONTO BOM INDUSTRIA DE PRODUTOS...,Pessoa Física,SAO PAULO,SÃO PAULO
686,SADA BIO-ENERG,SADA BIO-ENERGIA E AGRICULTURA...,Pessoa Física,SAO PAULO,SÃO PAULO
687,SADA SIDER,SADA SIDERURGIA LTDA,Pessoa Jurídica,SAO PAULO,SÃO PAULO
688,SADALLA,HOSPITAL DE OLHOS SADALLA...,Pessoa Jurídica,RIO DE JANEIRO,RIO DE JANEIRO
689,SAE TOWERS,SAE TOWERS BRASIL TORRES DE...,Pessoa Física,RIO DE JANEIRO,RIO DE JANEIRO
690,SAF,CONDOMINIO JARDIM ANALIA FRANCO,Pessoa Física,RIO DE JANEIRO,RIO DE JANEIRO
691,SAFIRA COM,SAFIRA ADMINISTRACAO E COMERCIALIZACAO...,Pessoa Jurídica,SAO PAULO,SÃO PAULO
692,SAFIRA GEST,SAFIRA VAREJO COMERCIALIZACAO...,Pessoa Física,SAO PAULO,SÃO PAULO
693,SAFIRA TRADING,SAFIRA TRADING E GERACAO DE...,Pessoa Jurídica,VITÓRIA,ESPÍRITO SANTO
694,T H R,T.H.R. INDUSTRIA E COMERCIO...,Pessoa Jurídica,VITÓRIA,ESPÍRITO SANTO
695,T-SYSTEMS,T-SYSTEMS DO BRASIL LTDA.,Pessoa Jurídica,VITÓRIA,ESPÍRITO SANTO
696,TABOCA,MINERACAO TABOCA S A,Pessoa Física,VITÓRIA,ESPÍRITO SANTO
697,TABONE,TABONE INDUSTRIA E COMERCIO...,Pessoa Física,VITÓRIA,ESPÍRITO SANTO
698,TAC,TRIGO & CIA LTDA,Pessoa Jurídica,VITÓRIA,ESPÍRITO SANTO
699,TACCHINI,ASSOCIACAO DR BARTHOLOMEU...,Pessoa Jurídica,BELO HORIZONTE,MINAS GERAIS
700,TACOSOLA,TACOSOLA BORRACHAS LTDA,Pessoa Jurídica,BELO HORIZONTE,MINAS GERAIS
701,TAF,TAF INDUSTRIA DE PLASTICOS...,Pessoa Jurídica,SAO PAULO,SÃO PAULO
702,TAGMA,TAGMA BRASIL INDUSTRIA E COMERCIO...,Pessoa Jurídica,BELO HORIZONTE,MINAS GERAIS
703,TAGPACK,TAGPACK INDUSTRIA E COMERCIO...,Pessoa Jurídica,BELO HORIZONTE,MINAS GERAIS
704,TAGUATINGA SHOPPING,CONDOMINIO DO COMPLEXO COMERCIAL...,Pessoa Jurídica,SAO PAULO,SÃO PAULO
705,TAIBA AGUIA,CENTRAL GERADORA EOLICA TAIBA...,Pessoa Jurídica,SAO PAULO,SÃO PAULO
706,TAKATA SC,JOYSON SAFETY SYSTEMS BRASIL...,Pessoa Jurídica,SAO PAULO,SÃO PAULO
707,TAKEDA PHARMA,TAKEDA PHARMA LTDA.,Pessoa Jurídica,SAO PAULO,SÃO PAULO
708,TAM SAO CARLOS,TAM LINHAS AEREAS S/A.,Pessoa Jurídica,RIO DE JANEIRO,RIO DE JANEIRO
709,TAMANDUA,CENTRAL EOLICA TAMANDUA MIRIM...,Pessoa Jurídica,RIO DE JANEIRO,RIO DE JANEIRO
710,TAMANDUAMIRIM2,TAMANDUA MIRIM 2 ENERGIA S.A.,Pessoa Jurídica,RIO DE JANEIRO,RIO DE JANEIRO
711,TAMARANA,TAMARANA TECNOLOGIA E SOLUCOES...,Pessoa Jurídica,RIO DE JANEIRO,RIO DE JANEIRO
712,TAMBASA,TECIDOS E ARMARINHOS MIGUEL...,Pessoa Jurídica,RIO DE JANEIRO,RIO DE JANEIRO
713,TAMBIA,SHOPPING CENTER TAMBIA LTDA,Pessoa Jurídica,RIO DE JANEIRO,RIO DE JANEIRO
714,TAMBORE ALUMINIO,TAMBORE ALUMINIO LTDA,Pessoa Jurídica,SAO PAULO,SÃO PAULO
715,UAA USI,USINA ALTO ALEGRE S/A - ACUCAR...,Pessoa Jurídica,SAO PAULO,SÃO PAULO
716,UAL,DESTILARIA ALCIDIA SA - EM...,Pessoa Jurídica,SAO PAULO,SÃO PAULO
717,UAM,ISCP - SOCIEDADE EDUCACIONAL...,Pessoa Jurídica,SAO PAULO,SÃO PAULO
718,UBEA,UNIAO BRASILEIRA DE EDUCACAO...,Pessoa Jurídica,SAO PAULO,SÃO PAULO
719,UBEC,UNIAO BRASILEIRA DE EDUCACAO...,Pessoa Jurídica,SAO PAULO,SÃO PAULO
720,UBEE,UNIAO BRASILEIRA DE EDUCACAO...,Pessoa Jurídica,SAO PAULO,SÃO PAULO
721,UBERLANDIAREF,UBERLANDIA REFRESCOS LTDA.,Pessoa Jurídica,BELO HORIZONTE,MINAS GERAIS
722,UCDB,MISSAO SALESIANA DE MATO GROSSO,Pessoa Jurídica,SAO PAULO,SÃO PAULO
723,UCEFF ITAPIRANGA,UCEFF - UNIDADE CENTRAL DE...,Pessoa Jurídica,RIO DE JANEIRO,RIO DE JANEIRO
724,UCI BRASIL LTDA,UNITED CINEMAS INTERNATIONAL...,Pessoa Jurídica,RIO DE JANEIRO,RIO DE JANEIRO
725,UCP,USINA CONQUISTA DO PONTAL...,Pessoa Jurídica,RIO DE JANEIRO,RIO DE JANEIRO
726,UCS,FUNDACAO UNIVERSIDADE DE CAXIAS...,Pessoa Jurídica,RIO DE JANEIRO,RIO DE JANEIRO
727,UD TECNOLOGIA,UD TECNOLOGIA S.A.,Pessoa Jurídica,SAO PAULO,SÃO PAULO
728,UDINESE,PAPAIZ - UDINESE METAIS INDUSTRIA...,Pessoa Jurídica,SAO PAULO,SÃO PAULO
729,UEE ABIL,CENTRAIS EOLICAS ABIL S.A.EM...,Pessoa Física,SAO PAULO,SÃO PAULO
730,UEE ACACIA,CENTRAIS EOLICAS ACACIA S.A...,Pessoa Física,RIO DE JANEIRO,RIO DE JANEIRO
731,UEE ALVORADA,CENTRAIS EOLICAS ALVORADA...,Pessoa Jurídica,BELO HORIZONTE,MINAS GERAIS
732,UEE AMETISTA,CENTRAIS EOLICAS AMETISTA...,Pessoa Jurídica,SAO PAULO,SÃO PAULO
733,UEE ANGICO,CENTRAIS EOLICAS ANGICO S.A....,Pessoa Jurídica,VITÓRIA,ESPÍRITO SANTO
734,UEE BORGO,CENTRAIS EOLICAS BORGO S.A,Pessoa Jurídica,SAO PAULO,SÃO PAULO
735,UEE CAETITE,CENTRAIS EOLICAS CAETITE S.A,Pessoa Física,SAO PAULO,SÃO PAULO
736,V S B GRANITOS,V. S. B. GRANITOS LTDA,Pessoa Jurídica,VITÓRIA,ESPÍRITO SANTO
737,VACCARO,VACCARO INDUSTRIA DE DERIVADOS...,Pessoa Jurídica,VITÓRIA,ESPÍRITO SANTO
738,VACCINAR,VACCINAR INDUSTRIA E COMERCIO...,Pessoa Física,VITÓRIA,ESPÍRITO SANTO
739,VAL-BAGS,VAL-BAGS INDUSTRIA E COMERCIO...,Pessoa Física,SAO PAULO,SÃO PAULO
740,VALBORMIDA,VALBORMIDA BRASIL METALURGICA...,Pessoa Jurídica,SAO PAULO,SÃO PAULO
741,VALDEMOVEIS,"VALDEMOVEIS INDUSTRIA, COMERCIO,...",Pessoa Física,SAO PAULO,SÃO PAULO
742,VALDIR TOCHETTO,VALDIR TOCHETTO & CIA...,Pessoa Jurídica,SAO PAULO,SÃO PAULO
743,VALE DO MOGI,DISTRIBUIDORA DE CARNES VALE...,Pessoa Jurídica,SAO PAULO,SÃO PAULO
744,VALE DO PARDO,LATICINIO VALE DO PARDO LTDA,Pessoa Jurídica,SAO PAULO,SÃO PAULO
745,VALE ENERGIA,VALE ENERGIA S.A,Pessoa Física,SAO PAULO,SÃO PAULO
746,VALE FERTIL,VALE FERTIL INDUSTRIAS ALIMENTICIAS...,Pessoa Física,SAO PAULO,SÃO PAULO
747,VALE III,UFV VERDE VALE III ENERGIA...,Pessoa Jurídica,SAO PAULO,SÃO PAULO
748,VALE TIJUCO,VALE DO TIJUCO ACUCAR E ALCOOL...,Pessoa Jurídica,SAO PAULO,SÃO PAULO
749,VALE VITORIA,VALE VITORIA SERVICOS LTDA.,Pessoa Física,SAO PAULO,SÃO PAULO
750,VALEO MATRIZ,VALEO SISTEMAS AUTOMOTIVOS...,Pessoa Física,SAO PAULO,SÃO PAULO
751,VALESEMI,VALESEMI BENEFICIAMENTO DE...,Pessoa Jurídica,VITÓRIA,ESPÍRITO SANTO
752,VALFILM,VALFILM - MG INDUSTRIA DE...,Pessoa Jurídica,VITÓRIA,ESPÍRITO SANTO
753,VALFILM AM,VALFILM AMAZONIA INDUSTRIA...,Pessoa Jurídica,VITÓRIA,ESPÍRITO SANTO
754,VALFILM MG 74,VALFILM - MG INDUSTRIA DE...,Pessoa Jurídica,VITÓRIA,ESPÍRITO SANTO
755,VALFILM NE,VALFILM NORDESTE INDUSTRIA...,Pessoa Jurídica,VITÓRIA,ESPÍRITO SANTO
756,VALFLEX,VALFLEX EMBALAGENS FLEXIVEIS...,Pessoa Jurídica,VITÓRIA,ESPÍRITO SANTO
757,W R GRACE,W. R. GRACE BRASIL INDUSTRIA...,Pessoa Jurídica,BELO HORIZONTE,MINAS GERAIS
758,W RODRIGUES,W. RODRIGUES EMBALAGENS LTDA,Pessoa Física,BELO HORIZONTE,MINAS GERAIS
759,W3 METALURGICA,W3 INDUSTRIA METALURGICA LTDA,Pessoa Jurídica,BELO HORIZONTE,MINAS GERAIS
760,W7,W7 ENERGIA S.A.,Pessoa Jurídica,SAO PAULO,SÃO PAULO
761,WA HOTEIS,WA ADMINISTRADORA DE HOTEIS...,Pessoa Jurídica,SAO PAULO,SÃO PAULO
762,WABCO,WABCO DO BRASIL IND. COM....,Pessoa Jurídica,SAO PAULO,SÃO PAULO
763,WABTEC,WABTEC BRASIL FABRICACAO E...,Pessoa Física,RIO DE JANEIRO,RIO DE JANEIRO
764,WABTEC CONTAGEM,WABTEC BRASIL FABRICACAO E...,Pessoa Física,RIO DE JANEIRO,RIO DE JANEIRO
765,WALFRAN,TEXTIL WALFRAN MENEGHEL LTDA,Pessoa Física,RIO DE JANEIRO,RIO DE JANEIRO
766,WALMART BRASIL,WMB SUPERMERCADOS DO BRASIL...,Pessoa Jurídica,RIO DE JANEIRO,RIO DE JANEIRO
767,WANA QUIMICOS,WANA INDUSTRIA E COMERCIO...,Pessoa Jurídica,RIO DE JANEIRO,RIO DE JANEIRO
768,WANKE,WANKE S.A.,Pessoa Física,RIO DE JANEIRO,RIO DE JANEIRO
769,WARPOL,WARPOL AGROINDUSTRIAL LTDA,Pessoa Física,SAO PAULO,SÃO PAULO
770,WASSER KRAFT,WASSER KRAFT GERACAO DE ENERGIA...,Pessoa Jurídica,SAO PAULO,SÃO PAULO
771,WAYNE INDUSTRIA,WAYNE INDUSTRIA E COMERCIO...,Pessoa Jurídica,SAO PAULO,SÃO PAULO
772,WD EDUCACIONAL,WD EDUCACIONAL LTDA,Pessoa Jurídica,SAO PAULO,SÃO PAULO
773,WEATHERFORD,WEATHERFORD INDUSTRIA E COMERCIO...,Pessoa Jurídica,SAO PAULO,SÃO PAULO
774,WEATHERFORD RJ,WEATHERFORD INDUSTRIA E COMERCIO...,Pessoa Jurídica,BELO HORIZONTE,MINAS GERAIS
775,WEENER,WEENER BRASIL INDUSTRIA E...,Pessoa Jurídica,RIO DE JANEIRO,RIO DE JANEIRO
776,WEG,WEG EQUIPAMENTOS ELETRICOS...,Pessoa Jurídica,VITÓRIA,ESPÍRITO SANTO
777,WEG AMAZONIA,WEG AMAZONIA S/A,Pessoa Jurídica,SAO PAULO,SÃO PAULO
778,XALINGO,XALINGO SA INDUSTRIA E COMERCIO,Pessoa Jurídica,VITÓRIA,ESPÍRITO SANTO
779,XAVANTINA,XAVANTINA ENERGETICA S.A.,Pessoa Jurídica,SAO PAULO,SÃO PAULO
780,XCMG,XCMG BRASIL INDUSTRIA LTDA,Pessoa Jurídica,SAO PAULO,SÃO PAULO
781,XERIUM,ANDRITZ FABRICS AND ROLLS...,Pessoa Jurídica,SAO PAULO,SÃO PAULO
782,XINGU FRUIT,XINGU FRUIT POLPAS DE FRUTAS...,Pessoa Jurídica,VITÓRIA,ESPÍRITO SANTO
783,YABORA,YABORA INDUSTRIA AERONAUTICA...,Pessoa Jurídica,VITÓRIA,ESPÍRITO SANTO
784,YAKULT,YAKULT S/A. INDUSTRIA E COMERCIO,Pessoa Jurídica,RIO DE JANEIRO,RIO DE JANEIRO
785,YAMADA MATRIZ,Y YAMADA S/A COMERCIO E INDUSTRIA...,Pessoa Jurídica,SAO PAULO,SÃO PAULO
786,YAMAHA,YAMAHA MOTOR DA AMAZONIA LTDA,Pessoa Jurídica,SAO PAULO,SÃO PAULO
787,YARA BRASIL,YARA BRASIL FERTILIZANTES...,Pessoa Jurídica,RIO DE JANEIRO,RIO DE JANEIRO
788,YKK DO BRASIL,YKK DO BRASIL LTDA,Pessoa Jurídica,SAO PAULO,SÃO PAULO
789,YORG,YORG PARTICIPACOES DO BRASIL...,Pessoa Jurídica,SAO PAULO,SÃO PAULO
790,YORK,YORK INDUSTRIA E COMERCIO...,Pessoa Jurídica,RIO DE JANEIRO,RIO DE JANEIRO
791,YPE - QUIMICA,QUIMICA AMPARO LTDA,Pessoa Jurídica,BELO HORIZONTE,MINAS GERAIS
792,ZACCARIA,INDUSTRIAS MACHINA ZACCARIA...,Pessoa Jurídica,SAO PAULO,SÃO PAULO
793,ZAELI,ALIMENTOS ZAELI LTDA,Pessoa Jurídica,SAO PAULO,SÃO PAULO
794,ZAFFARI,COMPANHIA ZAFFARI COMERCIO...,Pessoa Jurídica,SAO PAULO,SÃO PAULO
795,ZAFFARI COMERCIAL,COMERCIAL ZAFFARI LTDA,Pessoa Física,SAO PAULO,SÃO PAULO
796,ZAHONERO,ZAHONERO INDUSTRIA E COMERCIO...,Pessoa Física,SAO PAULO,SÃO PAULO
797,ZANAFLEX,ZANAFLEX BORRACHAS LTDA,Pessoa Jurídica,SAO PAULO,SÃO PAULO
798,ZANCHETTA,ZANCHETTA ALIMENTOS LTDA,Pessoa Jurídica,RIO DE JANEIRO,RIO DE JANEIRO
799,ZANCHETTA FOODS,ZANCHETTA INDUSTRIA DE ALIMENTOS...,Pessoa Física,RIO DE JANEIRO,RIO DE JANEIRO
800,ZANCHETTA RACOES,ZANCHETTA ALIMENTOS LTDA,Pessoa Jurídica,RIO DE JANEIRO,RIO DE JANEIRO
801,ZANINI,ZANINI DO BRASIL LTDA,Pessoa Física,SAO PAULO,SÃO PAULO
802,ZANINI RENK,ZANINI RENK EQUIPAMENTOS INDUSTRIAIS...,Pessoa Jurídica,SAO PAULO,SÃO PAULO
803,ZANLORENZI,ZANLORENZI BEBIDAS LTDA,Pessoa Jurídica,SAO PAULO,SÃO PAULO
804,ZANOTTI,ZANOTTI S.A.,Pessoa Física,RIO DE JANEIRO,RIO DE JANEIRO
805,ZANOTTI PACATUBA,ZANOTTI PACATUBA INDUSTRIA...,Pessoa Física,BELO HORIZONTE,MINAS GERAIS
806,ZANZINI,P B ZANZINI & CIA LTDA,Pessoa Física,SAO PAULO,SÃO PAULO
807,ZAP GRAFICA E EDITORA,ZAP GRAFICA ONLINE LTDA,Pessoa Física,SAO PAULO,SÃO PAULO
808,ZAPPAROLI,ZAPPAROLI INDUSTRIA E COMERCIO...,Pessoa Física,SAO PAULO,SÃO PAULO
809,ZARA,ZARA BRASIL LTDA,Pessoa Jurídica,VITÓRIA,ESPÍRITO SANTO
810,ZARAPLAST (E),ZARAPLAST S.A,Pessoa Física,VITÓRIA,ESPÍRITO SANTO
811,ZBN INDUSTRIA MECANICA,ZBN INDUSTRIA MECANICA LTDA,Pessoa Física,VITÓRIA,ESPÍRITO SANTO
812,ZEGLA,ZEGLA - INDUSTRIA DE MAQUINAS...,Pessoa Física,VITÓRIA,ESPÍRITO SANTO