Id Fornecedor,Razao Social,Nome Fantasia,Tipo Pessoa,Municipio,UF
1,AGROBOI,AGRO BOI IMPORTACAO E EXPORTACAO...,Pessoa Jurídica,RIO DE JANEIRO,RIO DE JANEIRO
2,AGROENERGIA,AGROENERGIA COMERCIALIZADORA...,Pessoa Jurídica,RIO DE JANEIRO,RIO DE JANEIRO
3,AGROGEN DESENVOLVIMENTO,AGROGEN DESENVOLVIMENTO GENETICO...,Pessoa Física,BELO HORIZONTE,MINAS GERAIS
4,AGROINDUSTRIAL,AGROINDUSTRIAL SAO FRANCISCO...,Pessoa Física,RIO DE JANEIRO,RIO DE JANEIRO
5,AGROLEITE,AGROLEITE CABINAS AGRICOLAS...,Pessoa Física,SÃO PAULO,SÃO PAULO
6,AGROMAGGI,AGROPECUARIA MAGGI LTDA,Pessoa Física,SÃO PAULO,SÃO PAULO
7,AGROMANTOVA,AGROMANTOVA LTDA,Pessoa Física,SÃO PAULO,SÃO PAULO
8,AGROMIX,AGROMIX-INDUSTRIA E COMERCIO...,Pessoa Física,RIO DE JANEIRO,RIO DE JANEIRO
9,AGROPALMA,INDUSTRIAS XHARA LTDA,Pessoa Física,RIO DE JANEIRO,RIO DE JANEIRO
10,AGROPARR,AGROPARR ALIMENTOS LTDA,Pessoa Física,RIO DE JANEIRO,RIO DE JANEIRO
11,AGROPLASTIC,AGROPLASTIC COMERCIAL DE PLASTICOS...,Pessoa Física,RIO DE JANEIRO,RIO DE JANEIRO
12,AGROSUL CL,AGROSUL AGROAVICOLA INDUSTRIAL...,Pessoa Física,SÃO PAULO,SÃO PAULO
13,AGROTERENAS,AGROTERENAS S.A. INDUSTRIAL...,Pessoa Física,SÃO PAULO,SÃO PAULO
14,AGTL,ARMAZENS GERAIS TERMINAL LTDA,Pessoa Física,SÃO PAULO,SÃO PAULO
15,AGUA ANA ROSA,MINERADORA DE AGUA ANA ROSA...,Pessoa Física,SÃO PAULO,SÃO PAULO
16,AGUA ATTIVA,HIDROMINERAL LA BANANAL LTDA,Pessoa Física,SÃO PAULO,SÃO PAULO
17,AGUA BRANCA,MINERADORA AGUA BRANCA LTDA,Pessoa Física,SÃO PAULO,SÃO PAULO
18,AGUA CLARA,RIO AGUA CLARA ENERGIA S/A,Pessoa Física,SÃO PAULO,SÃO PAULO
19,AGUA LIMPA,AGUA LIMPA ENERGIA S.A.,Pessoa Física,SÃO PAULO,SÃO PAULO
20,AGUA MINERAL VILLA,EPD - INDUSTRIA E COMERCIO...,Pessoa Física,SÃO PAULO,SÃO PAULO
21,AGUA PASSA QUATRO,MINERACAO AGUA PADRE MANOEL...,Pessoa Física,SÃO PAULO,SÃO PAULO
22,BELLOTA,BELLOTA BRASIL LTDA,Pessoa Física,RIO DE JANEIRO,RIO DE JANEIRO
23,BELLS,BELLS INDUSTRIA E COMERCIO...,Pessoa Física,RIO DE JANEIRO,RIO DE JANEIRO
24,BELMA MATRIZ,BELMA INDUSTRIAL DE GENEROS...,Pessoa Física,VITÓRIA,ESPÍRITO SANTO
25,BELMETAL,BELMETAL INDUSTRIA E COMERCIO...,Pessoa Física,SÃO PAULO,SÃO PAULO
26,BELMONT,BELMONT MINERACAO LTDA,Pessoa Física,SÃO PAULO,SÃO PAULO
27,BELOACO,BELOACO INDUSTRIA E COMERCIO...,Pessoa Física,VITÓRIA,ESPÍRITO SANTO
28,BELOCAL,MINERACAO BELOCAL LTDA,Pessoa Física,SÃO PAULO,SÃO PAULO
29,BELTRAME,SUPERMERCADOS BELTRAME LTDA.,Pessoa Física,SÃO PAULO,SÃO PAULO
30,BEM BRASIL,BEM BRASIL ALIMENTOS S/A,Pessoa Física,SÃO PAULO,SÃO PAULO
31,BEM ESTAR,BEM ESTAR ALIMENTOS LTDA.,Pessoa Física,RIO DE JANEIRO,RIO DE JANEIRO
32,BEMA,BEMA-FUNDICAO LTDA,Pessoa Física,RIO DE JANEIRO,RIO DE JANEIRO
33,BEMIL,BEMIL - BENEFICIAMENTO DE...,Pessoa Física,SÃO PAULO,SÃO PAULO
34,BEMIS DO BRASIL,BEMIS DO BRASIL INDUSTRIA...,Pessoa Física,SÃO PAULO,SÃO PAULO
35,BEMIS PARNAMIRIM,BEMIS DO BRASIL INDUSTRIA...,Pessoa Física,SÃO PAULO,SÃO PAULO
36,BEMISA,MINERACAO BARATINHA S.A.,Pessoa Física,RIO DE JANEIRO,RIO DE JANEIRO
37,BEMOL,BEMOL S/A,Pessoa Física,SÃO PAULO,SÃO PAULO
38,BEN,"BEN - BIOENERGIA, GERACAO...",Pessoa Física,SÃO PAULO,SÃO PAULO
39,BENASSI,IRMAOS BENASSI PRODUTORA E...,Pessoa Física,SÃO PAULO,SÃO PAULO
40,BENDERPLAST,BENDERPLAST - INDUSTRIA E...,Pessoa Física,RIO DE JANEIRO,RIO DE JANEIRO
41,BENDGLASS,BEND GLASS COMERCIO E INDUSTRIA...,Pessoa Física,SÃO PAULO,SÃO PAULO
42,BENEFICIADORA,BENEFICIADORA DE TECIDOS SAO...,Pessoa Física,SÃO PAULO,SÃO PAULO
43,CAPITOLA MC,CAPITOLA COMERCIO DE ALIMENTOS...,Pessoa Física,SÃO PAULO,SÃO PAULO
44,CAPOEIRAS III,PARQUE EOLICO CAPOEIRAS III...,Pessoa Física,SÃO PAULO,SÃO PAULO
45,CAPRICCHE,CAPRICCHE S.A.,Pessoa Física,SÃO PAULO,SÃO PAULO
46,CAPRICHO,CONFECCOES CAPRICHO LTDA,Pessoa Física,SÃO PAULO,SÃO PAULO
47,CAPRICORNIO,CAPRICORNIO TEXTIL S.A,Pessoa Física,SÃO PAULO,SÃO PAULO
48,CAPRIMA,CAPRIMA - INDUSTRIA DE PAPEL...,Pessoa Física,SÃO PAULO,SÃO PAULO
49,CAPUL,COOPERATIVA AGROPECUARIA UNAI...,Pessoa Física,SÃO PAULO,SÃO PAULO
50,CARACOL,CARACOL GEOLOGIA E MINERACAO...,Pessoa Física,SÃO PAULO,SÃO PAULO
51,CARAJAS,CARAJAS MATERIAL DE CONSTRUCAO...,Pessoa Física,SÃO PAULO,SÃO PAULO
52,CARAMUJO ENERGETICA,CARAMUJO ENERGETICA LTDA,Pessoa Física,RIO DE JANEIRO,RIO DE JANEIRO
53,CARAMURU PIE I,CARAMURU ALIMENTOS S.A.,Pessoa Física,SÃO PAULO,SÃO PAULO
54,CARB METROPOLITANA,CARBONIFERA METROPOLITANA...,Pessoa Física,SÃO PAULO,SÃO PAULO
55,CARBOMIL,CARBOMIL QUIMICA S A,Pessoa Física,RIO DE JANEIRO,RIO DE JANEIRO
56,CARBOMIX,CARBOMIX MINERAIS LTDA,Pessoa Física,BELO HORIZONTE,MINAS GERAIS
57,CARBONIFERA CATARINENSE,CARBONIFERA CATARINENSE LTDA,Pessoa Física,RIO DE JANEIRO,RIO DE JANEIRO
58,CARBONOR,CARBONOR S.A.,Pessoa Física,SÃO PAULO,SÃO PAULO
59,CARBOXI MANAUS,CARBOXI - INDUSTRIA E COMERCIO...,Pessoa Física,SÃO PAULO,SÃO PAULO
60,CARBUSS,CARBUSS INDUSTRIA CATARINENSE...,Pessoa Física,RIO DE JANEIRO,RIO DE JANEIRO
61,CARCARA,CARCARA ENERGIA S/A,Pessoa Física,VITÓRIA,ESPÍRITO SANTO
62,CARCARA I,USINA DE ENERGIA EOLICA CARCARA...,Pessoa Física,SÃO PAULO,SÃO PAULO
63,CARCARA II,USINA DE ENERGIA EOLICA CARCARA...,Pessoa Física,SÃO PAULO,SÃO PAULO
64,DESTRO BRASIL,DESTRO BRASIL DISTRIBUICAO...,Pessoa Física,SÃO PAULO,SÃO PAULO
65,DESTRO BRASIL CURITIBA,DESTRO BRASIL DISTRIBUICAO...,Pessoa Física,SÃO PAULO,SÃO PAULO
66,DESTTRA ENERGIA,DESTTRA COMERCIALIZADORA DE...,Pessoa Física,SÃO PAULO,SÃO PAULO
67,DETOFOL,HIDRELETRICA DETOFOL LTDA.,Pessoa Física,SÃO PAULO,SÃO PAULO
68,DEVILLE,DEVILLE HOTEIS E TURISMO LTDA,Pessoa Física,VITÓRIA,ESPÍRITO SANTO
69,DF PLAZA,DF PLAZA LTDA,Pessoa Física,RIO DE JANEIRO,RIO DE JANEIRO
70,DFESA,DONA FRANCISCA ENERGETICA...,Pessoa Física,SÃO PAULO,SÃO PAULO
71,DG MAREL,MAREL INDUSTRIA E COMERCIO...,Pessoa Física,SÃO PAULO,SÃO PAULO
72,DG POLIMEROS,D.G. RECICLAGEM DE PLASTICOS...,Pessoa Física,SÃO PAULO,SÃO PAULO
73,DI SOLLE,DI SOLLE CUTELARIA LTDA,Pessoa Física,SÃO PAULO,SÃO PAULO
74,DIA BRASIL,DIA BRASIL SOCIEDADE LIMITADA,Pessoa Física,BELO HORIZONTE,MINAS GERAIS
75,DIAGNOSE,DIAGNOSE CENTRO DE DIAGNOSTICO...,Pessoa Física,BELO HORIZONTE,MINAS GERAIS
76,DIAMANTE,DIAMANTE TEMPERA DE VIDROS...,Pessoa Jurídica,VITÓRIA,ESPÍRITO SANTO
77,DIAMANTE GERACAO,DIAMANTE GERACAO DE ENERGIA...,Pessoa Física,SÃO PAULO,SÃO PAULO
78,DIAMANTE II,PARQUE EOLICO DIAMANTE II...,Pessoa Física,SÃO PAULO,SÃO PAULO
79,DIAMANTE III,PARQUE EOLICO DIAMANTE III...,Pessoa Física,SÃO PAULO,SÃO PAULO
80,DIAMANTINO,DIAMANTINO ENERGIA LTDA,Pessoa Física,SÃO PAULO,SÃO PAULO
81,DIAMOND COMERCIALIZADORA,DIAMOND COMERCIALIZADORA DE...,Pessoa Física,SÃO PAULO,SÃO PAULO
82,DIAMONDMALL,CONSORCIO MTS - IBR,Pessoa Física,RIO DE JANEIRO,RIO DE JANEIRO
83,DIANA,MALHARIA DIANA LTDA,Pessoa Física,RIO DE JANEIRO,RIO DE JANEIRO
84,DIANA B,DIANA BIOENERGIA AVANHANDAVA...,Pessoa Física,RIO DE JANEIRO,RIO DE JANEIRO
85,ELETROFORJA,ELETROFORJA INDUSTRIA MECANICA...,Pessoa Física,SÃO PAULO,SÃO PAULO
86,ELETROGOES,ELETROGOES S/A,Pessoa Física,SÃO PAULO,SÃO PAULO
87,ELETROLIGAS,ELETROLIGAS LTDA,Pessoa Física,SÃO PAULO,SÃO PAULO
88,ELETRON,ECEL - ELETRON COMERCIALIZADORA...,Pessoa Física,BELO HORIZONTE,MINAS GERAIS
89,ELETRONORTE,CENTRAIS ELETRICAS DO NORTE...,Pessoa Física,BELO HORIZONTE,MINAS GERAIS
90,ELETRONUCLEAR,ELETROBRAS TERMONUCLEAR S.A....,Pessoa Física,BELO HORIZONTE,MINAS GERAIS
91,ELETROPAULO,ELETROPAULO METROPOLITANA...,Pessoa Física,BELO HORIZONTE,MINAS GERAIS
92,ELETROSUL,ELETROSUL CENTRAIS ELETRICAS...,Pessoa Física,SÃO PAULO,SÃO PAULO
93,ELFER,ELFER INDUSTRIA SERVICO E...,Pessoa Física,SÃO PAULO,SÃO PAULO
94,ELFSM,EMPRESA LUZ E FORCA SANTA...,Pessoa Física,SÃO PAULO,SÃO PAULO
95,ELFUSA,ELFUSA GERAL DE ELETROFUSAO...,Pessoa Física,RIO DE JANEIRO,RIO DE JANEIRO
96,ELIAN,ELIAN INDUSTRIA TEXTIL LTDA,Pessoa Física,RIO DE JANEIRO,RIO DE JANEIRO
97,ELIANE,ELIANE REVESTIMENTOS CERAMICOS...,Pessoa Física,RIO DE JANEIRO,RIO DE JANEIRO
98,ELIZA PLASTICOS,INDUSTRIA DE PLASTICOS ELIZA...,Pessoa Física,RIO DE JANEIRO,RIO DE JANEIRO
99,ELIZABETH CIMENTOS,ELIZABETH CIMENTOS S/A,Pessoa Física,RIO DE JANEIRO,RIO DE JANEIRO
100,ELIZABETH RN,CERAMICA ELIZABETH RN LTDA,Pessoa Física,RIO DE JANEIRO,RIO DE JANEIRO
101,ELIZABETHPOR,ELIZABETH PORCELANATO LTDA.,Pessoa Física,SÃO PAULO,SÃO PAULO
102,ELIZABETHREV,ELIZABETH REVESTIMENTOS LTDA.,Pessoa Física,SÃO PAULO,SÃO PAULO
103,ELIZABETHSUL,CERAMICA ELIZABETH SUL LTDA,Pessoa Física,SÃO PAULO,SÃO PAULO
104,ELKA PLASTICOS,ELKA PLASTICOS LTDA,Pessoa Física,RIO DE JANEIRO,RIO DE JANEIRO
105,ELKEM CARBODERIVADOS,"ELKEM PARTICIPACOES, INDUSTRIA...",Pessoa Física,RIO DE JANEIRO,RIO DE JANEIRO
106,FERROUS VIGA,FERROUS RESOURCES DO BRASIL...,Pessoa Física,RIO DE JANEIRO,RIO DE JANEIRO
107,FERSUL- CL,FERSUL MANUFATURADOS DE FERRO...,Pessoa Física,RIO DE JANEIRO,RIO DE JANEIRO
108,FESTO,FESTO BRASIL LTDA,Pessoa Física,SÃO PAULO,SÃO PAULO
109,FGONZALEZ,ABATEDOURO DE AVES CALIFORNIA...,Pessoa Física,SÃO PAULO,SÃO PAULO
110,FGS BRASIL,F.G.S. BRASIL INDUSTRIA E...,Pessoa Física,SÃO PAULO,SÃO PAULO
111,FIABESA,FIABESA GUARARAPES S/A,Pessoa Física,SÃO PAULO,SÃO PAULO
112,FIACAO ALLIANCE,FIACAO ALLIANCE EIRELI,Pessoa Física,SÃO PAULO,SÃO PAULO
113,FIACAO BOTUVERA,FIACAO BOTUVERA LTDA,Pessoa Física,SÃO PAULO,SÃO PAULO
114,FIACAO FIDES,FIACAO FIDES LTDA,Pessoa Física,SÃO PAULO,SÃO PAULO
115,FIACAO FISCHER,FISCHER & FISCHER INDUSTRIA...,Pessoa Física,SÃO PAULO,SÃO PAULO
116,FIACAO GOIOERE,FIACAO GOIOERE - INDUSTRIA...,Pessoa Física,SÃO PAULO,SÃO PAULO
117,FIACAO S BENTO,FIACAO SAO BENTO SA,Pessoa Física,RIO DE JANEIRO,RIO DE JANEIRO
118,FIAGRIL,FIAGRIL LTDA,Pessoa Física,VITÓRIA,ESPÍRITO SANTO
119,FIAMA,TECIDOS FIAMA LIMITADA,Pessoa Física,RIO DE JANEIRO,RIO DE JANEIRO
120,FIAMMA,FIAMMA INDUSTRIA E COMERCIO...,Pessoa Física,RIO DE JANEIRO,RIO DE JANEIRO
121,FIASUL,FIASUL INDUSTRIA DE FIOS LTDA,Pessoa Física,RIO DE JANEIRO,RIO DE JANEIRO
122,FIAT AUTO,FCA FIAT CHRYSLER AUTOMOVEIS...,Pessoa Física,VITÓRIA,ESPÍRITO SANTO
123,FIAT CAMPO LARGO,FCA POWERTRAIN BRASIL INDUSTRIA...,Pessoa Física,VITÓRIA,ESPÍRITO SANTO
124,FIATECE SG,FIACAO E TECELAGEM SAO GERALDO...,Pessoa Física,VITÓRIA,ESPÍRITO SANTO
125,FIBERBUS,FIBERBUS INDUSTRIA E COMERCIO...,Pessoa Física,VITÓRIA,ESPÍRITO SANTO
126,FIBRA GERACAO,FI BRA GERACAO LTDA,Pessoa Física,SÃO PAULO,SÃO PAULO
127,GLOBO PART,GLOBO COMUNICACAO E PARTICIPACOES...,Pessoa Física,SÃO PAULO,SÃO PAULO
128,GLOW COMERCIALIZADORA,GLOW COMERCIALIZADORA DE ENERGIA...,Pessoa Física,SÃO PAULO,SÃO PAULO
129,GM SCS,GENERAL MOTORS DO BRASIL LTDA,Pessoa Física,SÃO PAULO,SÃO PAULO
130,GMAP,G.M.A.P. SUPERMERCADOS S.A.,Pessoa Física,SÃO PAULO,SÃO PAULO
131,GMRE,GMR ENERGIA S.A.,Pessoa Física,SÃO PAULO,SÃO PAULO
132,GNR,GNR FORTALEZA VALORIZACAO...,Pessoa Física,SÃO PAULO,SÃO PAULO
133,GNU PET,GREMIO NAUTICO UNIAO,Pessoa Física,SÃO PAULO,SÃO PAULO
134,GO ENERGY,GO ENERGY COMERCIALIZADORA...,Pessoa Física,SÃO PAULO,SÃO PAULO
135,GOBBA,GOBBA LEATHER INDUSTRIA E...,Pessoa Física,SÃO PAULO,SÃO PAULO
136,GODIVA,GODIVA ALIMENTOS LTDA,Pessoa Física,SÃO PAULO,SÃO PAULO
137,GOIANIA CORPORATE,CONDOMINIO GOIANIA CORPORATE...,Pessoa Física,SÃO PAULO,SÃO PAULO
138,GOIANIA SHOPPING,CONDOMINIO DE ADMINISTRACAO...,Pessoa Física,SÃO PAULO,SÃO PAULO
139,GOIAS CAIXAS,GOIAS CAIXAS E EMBALAGENS...,Pessoa Física,SÃO PAULO,SÃO PAULO
140,GOIAS RENDERING,GOIAS RENDERING S/A,Pessoa Física,SÃO PAULO,SÃO PAULO
141,GOIAS SUL,GOIAS SUL GERACAO DE ENERGIA...,Pessoa Física,SÃO PAULO,SÃO PAULO
142,GOIASCAL,GOIASCAL MINERACAO E CALCARIO...,Pessoa Física,SÃO PAULO,SÃO PAULO
143,GOIASFILLER,GOIASFILLER MINERACAO LTDA,Pessoa Física,SÃO PAULO,SÃO PAULO
144,GOL MATRIZ,GOL LINHAS AEREAS S.A.,Pessoa Física,BELO HORIZONTE,MINAS GERAIS
145,GOLD,GOLD MOONLIGHT - INDUSTRIA...,Pessoa Física,BELO HORIZONTE,MINAS GERAIS
146,GOLD ENERGIA,GOLD COMERCIALIZADORA DE ENERGIA...,Pessoa Física,BELO HORIZONTE,MINAS GERAIS
147,GOLD MEAT,CAJURU INDUSTRIA E COMERCIO...,Pessoa Física,BELO HORIZONTE,MINAS GERAIS
148,HOSP SANTA CRUZ,HOSPITAL SANTA CRUZ SOCIEDADE...,Pessoa Física,SÃO PAULO,SÃO PAULO
149,HOSP SANTA JOANA,HOSPITAL E MATERNIDADE SANTA...,Pessoa Física,SÃO PAULO,SÃO PAULO
150,HOSP SAO FRANCISCO SAUDE,SAO FRANCISCO SISTEMAS DE...,Pessoa Física,SÃO PAULO,SÃO PAULO
151,HOSP SAO LUCAS,HOSPITAL SAO LUCAS SA,Pessoa Física,RIO DE JANEIRO,RIO DE JANEIRO
152,HOSP STA JOANA RECIFE,HOSPITAIS ASSOCIADOS DE PERNAMBUCO...,Pessoa Física,RIO DE JANEIRO,RIO DE JANEIRO
153,HOSP STAPAULA,HOSPITAL SANTA PAULA S/A,Pessoa Física,RIO DE JANEIRO,RIO DE JANEIRO
154,HOSP VITORIA APART,VITORIA APART HOSPITAL S/A,Pessoa Física,RIO DE JANEIRO,RIO DE JANEIRO
155,HOSPITAL ADVENTISTA SILVESTRE,INSTITUICAO ADVENTISTA ESTE...,Pessoa Física,RIO DE JANEIRO,RIO DE JANEIRO
156,HOSPITAL ALDENORA BELLO,FUNDACAO ANTONIO JORGE DINO,Pessoa Física,RIO DE JANEIRO,RIO DE JANEIRO
157,HOSPITAL BALBINO,HOSPITAL DR. BALBINO LTDA.,Pessoa Física,SÃO PAULO,SÃO PAULO
158,HOSPITAL BANDEIRANTES,HOSPITAL LEFORTE LIBERDADE...,Pessoa Física,SÃO PAULO,SÃO PAULO
159,HOSPITAL BASE,FUNDACAO FACULDADE REGIONAL...,Pessoa Física,SÃO PAULO,SÃO PAULO
160,HOSPITAL BRUNO BORN,SOCIEDADE BENEFICENCIA E CARIDADE...,Pessoa Física,SÃO PAULO,SÃO PAULO
161,HOSPITAL DA BAHIA,HBA S/A ASSISTENCIA MEDICA...,Pessoa Física,SÃO PAULO,SÃO PAULO
162,HOSPITAL DO ROCIO,MATERNIDADE E CIRURGIA N....,Pessoa Física,SÃO PAULO,SÃO PAULO
163,HOSPITAL DOS FORN DE CANA,ASSOCIACAO DOS FORNECEDORES...,Pessoa Física,SÃO PAULO,SÃO PAULO
164,HOSPITAL ERASTO GAERTNER,LIGA PARANAENSE DE COMBATE...,Pessoa Física,SÃO PAULO,SÃO PAULO
165,HOSPITAL EVANGELICO,ASSOCIACAO EVANGELICA BENEFICENTE...,Pessoa Física,SÃO PAULO,SÃO PAULO
166,HOSPITAL HCB,HOSPITAL DE CARIDADE E BENEFICENCIA,Pessoa Física,SÃO PAULO,SÃO PAULO
167,HOSPITAL INFANTIL SABARA,FUNDACAO JOSE LUIZ EGYDIO...,Pessoa Física,SÃO PAULO,SÃO PAULO
168,HOSPITAL JAYME DA FONTE,ORGANIZACAO HOSPITALAR DE...,Pessoa Física,SÃO PAULO,SÃO PAULO
169,INCOPISOS,INCOPISOS INDUSTRIA E COMERCIO...,Pessoa Física,SÃO PAULO,SÃO PAULO
170,INCOPLAS,JUSSANIA A LAZARINI TOCHETTO...,Pessoa Física,SÃO PAULO,SÃO PAULO
171,INCORPLAC,INCORPLAC INDUSTRIA E COMERCIO...,Pessoa Física,SÃO PAULO,SÃO PAULO
172,INCOTEXTIL,INCOTEXTIL INDUSTRIAL LTDA,Pessoa Física,SÃO PAULO,SÃO PAULO
173,IND AL LEAL SANTOS,INDUSTRIAS ALIMENTICIAS LEAL...,Pessoa Física,RIO DE JANEIRO,RIO DE JANEIRO
174,IND DE MOVEIS THB,INDUSTRIA DE MOVEIS THB LTDA,Pessoa Física,VITÓRIA,ESPÍRITO SANTO
175,IND PLASTICAS CONQUISTA,INDUSTRIAS PLASTICAS CONQUISTA...,Pessoa Física,RIO DE JANEIRO,RIO DE JANEIRO
176,IND RIO DESERTO,INDUSTRIA CARBONIFERA RIO...,Pessoa Física,RIO DE JANEIRO,RIO DE JANEIRO
177,IND SAO LUIS,INDUSTRIA DE PAES E MASSAS...,Pessoa Física,RIO DE JANEIRO,RIO DE JANEIRO
178,INDAIA,INDAIA BRASIL AGUAS MINERAIS...,Pessoa Física,VITÓRIA,ESPÍRITO SANTO
179,INDEMIL,INDEMIL INDUSTRIA E COMERCIO...,Pessoa Física,VITÓRIA,ESPÍRITO SANTO
180,INDEPEND SHOP,CONDOMINIO DO INDEPENDENCIA...,Pessoa Física,VITÓRIA,ESPÍRITO SANTO
181,INDEPENDENCIA ADM,INDEPENDENCIA ADMINISTRADORA...,Pessoa Física,VITÓRIA,ESPÍRITO SANTO
182,INDESTEL,INDESTEL INDUSTRIA DE EMBALAGENS...,Pessoa Física,SÃO PAULO,SÃO PAULO
183,INDIAVAI,INDIAVAI ENERGETICA S.A.,Pessoa Física,SÃO PAULO,SÃO PAULO
184,INDIOS,VENTOS DOS INDIOS ENERGIA...,Pessoa Física,SÃO PAULO,SÃO PAULO
185,INDORAMA,INDORAMA VENTURES POLIMEROS...,Pessoa Física,SÃO PAULO,SÃO PAULO
186,INDRA ENERGIA,INDRA COMERCIALIZADORA DE...,Pessoa Física,SÃO PAULO,SÃO PAULO
187,INDUCAL MATRIZ,INDUSTRIA DE CALCARIOS CACAPAVA...,Pessoa Física,SÃO PAULO,SÃO PAULO
188,INDUMA,INDUMA S/A INDUSTRIA DE PAPEL...,Pessoa Física,SÃO PAULO,SÃO PAULO
189,INDUPA,UNIPAR INDUPA DO BRASIL S.A.,Pessoa Física,SÃO PAULO,SÃO PAULO
190,LIBERDADE,LIBERDADE GERACAO DE ENERGIA...,Pessoa Física,SÃO PAULO,SÃO PAULO
191,LIBERTY ENERGY,LIBERTY ENERGY COMERCIALIZADORA...,Pessoa Física,SÃO PAULO,SÃO PAULO
192,LIBERTY MALL,CONDOMINIO DO SHOPPING CENTER...,Pessoa Física,SÃO PAULO,SÃO PAULO
193,LIBNET COMUNICACAO,LIBNET COMUNICACAO INTERATIVA...,Pessoa Física,SÃO PAULO,SÃO PAULO
194,LIBRA,LIBRA LIGAS DO BRASIL S/A,Pessoa Física,SÃO PAULO,SÃO PAULO
195,LIBRA CAMPINAS,LIBRAPORT CAMPINAS S.A,Pessoa Física,RIO DE JANEIRO,RIO DE JANEIRO
196,LIBRA ENERGIA,LIBRA COMERCIALIZADORA DE...,Pessoa Física,RIO DE JANEIRO,RIO DE JANEIRO
197,LIBRAGA BRANDAO PI,"LIBRAGA, BRANDAO & CIA...",Pessoa Física,RIO DE JANEIRO,RIO DE JANEIRO
198,LIBRELATO,LIBRELATO S.A. IMPLEMENTOS...,Pessoa Física,SÃO PAULO,SÃO PAULO
199,LICEU SANTISTA,SOCIEDADE VISCONDE DE S LEOPOLDO,Pessoa Física,SÃO PAULO,SÃO PAULO
200,LIDER A MONTENEGRO,LIDER COMERCIO E INDUSTRIA...,Pessoa Física,BELO HORIZONTE,MINAS GERAIS
201,LIDER ALCINDO CACELA,LIDER COMERCIO E INDUSTRIA...,Pessoa Física,BELO HORIZONTE,MINAS GERAIS
202,LIDER ALIMENTOS LOBATO,A. R. C. LOGISTICA E ALIMENTOS...,Pessoa Física,BELO HORIZONTE,MINAS GERAIS
203,LIDER ALIMENTOS MATRIZ,A. R. C. LOGISTICA E ALIMENTOS...,Pessoa Física,BELO HORIZONTE,MINAS GERAIS
204,LIDER BARCARENA,LIDER COMERCIO E INDUSTRIA...,Pessoa Física,SÃO PAULO,SÃO PAULO
205,LIDER BATISTA CAMPOS,LIDER COMERCIO E INDUSTRIA...,Pessoa Física,SÃO PAULO,SÃO PAULO
206,LIDER BR,LIDER COMERCIO E INDUSTRIA...,Pessoa Física,SÃO PAULO,SÃO PAULO
207,LIDER CANUDOS,LIDER COMERCIO E INDUSTRIA...,Pessoa Física,RIO DE JANEIRO,RIO DE JANEIRO
208,LIDER CASTANHAL,LIDER COMERCIO E INDUSTRIA...,Pessoa Física,RIO DE JANEIRO,RIO DE JANEIRO
209,LIDER CASTANHEIRA,LIDER COMERCIO E INDUSTRIA...,Pessoa Física,RIO DE JANEIRO,RIO DE JANEIRO
210,LIDER CDAM,LIDER COMERCIO E INDUSTRIA...,Pessoa Física,RIO DE JANEIRO,RIO DE JANEIRO
211,MARELLI,MARELLI MOVEIS PARA ESCRITORIO...,Pessoa Física,RIO DE JANEIRO,RIO DE JANEIRO
212,MARFRIG,MARFRIG GLOBAL FOODS S.A.,Pessoa Física,RIO DE JANEIRO,RIO DE JANEIRO
213,MARFRIG COMERCIALIZADORA,MARFRIG COMERCIALIZADORA DE...,Pessoa Física,SÃO PAULO,SÃO PAULO
214,MARGEM MINERACAO,MARGEM COMPANHIA DE MINERACAO,Pessoa Física,SÃO PAULO,SÃO PAULO
215,MARGRAF,MARGRAF EDITORA E INDUSTRIA...,Pessoa Física,SÃO PAULO,SÃO PAULO
216,MARGRAMAR,MARGRAMAR GRANITOS LTDA,Pessoa Física,SÃO PAULO,SÃO PAULO
217,MARIANELLI,MINERACAO MARIANELLI LTDA,Pessoa Física,SÃO PAULO,SÃO PAULO
218,MARILAN,MARILAN ALIMENTOS S/A,Pessoa Física,SÃO PAULO,SÃO PAULO
219,MARINGA APE,MARINGA FERRO-LIGA S.A,Pessoa Física,SÃO PAULO,SÃO PAULO
220,MARINGA SOLDAS,MARINGA SOLDAS S/A,Pessoa Física,SÃO PAULO,SÃO PAULO
221,MARINHO,MARINHO INDUSTRIA E COMERCIO...,Pessoa Física,SÃO PAULO,SÃO PAULO
222,MARINI COMPENSADOS,MARINI INDUSTRIA DE COMPENSADOS...,Pessoa Física,SÃO PAULO,SÃO PAULO
223,MARIOL EMBALAGENS,MARIOL EMBALAGENS LTDA,Pessoa Física,SÃO PAULO,SÃO PAULO
224,MARIOL INDUSTRIAL,MARIOL INDUSTRIAL LTDA,Pessoa Física,SÃO PAULO,SÃO PAULO
225,MARISA,MARISA LOJAS S.A.,Pessoa Física,SÃO PAULO,SÃO PAULO
226,MARISOL,MARISOL VESTUARIO SA,Pessoa Física,SÃO PAULO,SÃO PAULO
227,MARISTELA TELHAS,MARISTELA TELHAS LTDA,Pessoa Física,SÃO PAULO,SÃO PAULO
228,MARIZA,MARIZA INDUSTRIA E COMERCIO...,Pessoa Física,SÃO PAULO,SÃO PAULO
229,MARIZA AGUAS,MARIZA AGUAS MINERAIS LTDA,Pessoa Física,RIO DE JANEIRO,RIO DE JANEIRO
230,MARKET PLACE,CONDOMINIO DO CONJUNTO COMERCIAL...,Pessoa Física,VITÓRIA,ESPÍRITO SANTO
231,MARLES,MARLES INDUSTRIA TEXTIL ECOMERCIO...,Pessoa Física,SÃO PAULO,SÃO PAULO
232,NOVA CAJUCOCO,NOVA EOLICA CAJUCOCO S.A.,Pessoa Física,SÃO PAULO,SÃO PAULO
233,NOVA COQUEIRO,NOVA EOLICA COQUEIRO S.A.,Pessoa Física,SÃO PAULO,SÃO PAULO
234,NOVA DFL,DFL INDUSTRIA E COMERCIO S/A,Pessoa Física,RIO DE JANEIRO,RIO DE JANEIRO
235,NOVA DIAGNOSTICO,NOVA DIAGNOSTICO POR IMAGEM...,Pessoa Física,SÃO PAULO,SÃO PAULO
236,NOVA EMBALAGENS,NOVA EMBALAGENS E FILMES TECNICOS...,Pessoa Física,SÃO PAULO,SÃO PAULO
237,NOVA ENERGIA,NOVA ENERGIA COMERCIALIZADORA...,Pessoa Física,SÃO PAULO,SÃO PAULO
238,NOVA ERA,NOVA ERA INDUSTRIA E COMERCIO...,Pessoa Física,RIO DE JANEIRO,RIO DE JANEIRO
239,NOVA ERA ADM,NOVA ERA ADMINISTRACAO E COMERCIALIZACAO...,Pessoa Física,SÃO PAULO,SÃO PAULO
240,NOVA ERA ALIMENTOS,N.E INDUSTRIA DE ALIMENTOS...,Pessoa Física,SÃO PAULO,SÃO PAULO
241,NOVA EURUS IV,NOVA EURUS IV ENERGIAS RENOVAVEIS...,Pessoa Física,SÃO PAULO,SÃO PAULO
242,NOVA GALIA BIOENERGIA,NOVA GALIA BIOENERGIA LTDA,Pessoa Física,VITÓRIA,ESPÍRITO SANTO
243,NOVA LAPA,NOVA LAPA SOLAR S.A.,Pessoa Física,SÃO PAULO,SÃO PAULO
244,NOVA METAL,NOVAMETAL DO BRASIL LTDA.,Pessoa Física,SÃO PAULO,SÃO PAULO
245,NOVA NORDEPLAST,NOVA NORDEPLAST INDUSTRIA...,Pessoa Física,BELO HORIZONTE,MINAS GERAIS
246,NOVA OLINDA B,NOVA OLINDA B SOLAR S.A.,Pessoa Física,SÃO PAULO,SÃO PAULO
247,NOVA OLINDA C,NOVA OLINDA C SOLAR S.A.,Pessoa Física,RIO DE JANEIRO,RIO DE JANEIRO
248,NOVA OLINDA NORTE,NOVA OLINDA NORTE SOLAR S.A.,Pessoa Física,SÃO PAULO,SÃO PAULO
249,NOVA OLINDA SUL,NOVA OLINDA SUL SOLAR S.A.,Pessoa Física,RIO DE JANEIRO,RIO DE JANEIRO
250,NOVA PACK,NOVA PACK FABRICACAO DE PRODUTOS...,Pessoa Física,RIO DE JANEIRO,RIO DE JANEIRO
251,NOVA PALMA,NOVA PALMA ENERGIA LTDA,Pessoa Física,RIO DE JANEIRO,RIO DE JANEIRO
252,NOVA PLAST,NOVA PLAST INDUSTRIA E COMERCIO...,Pessoa Física,SÃO PAULO,SÃO PAULO
253,PCH ARMANDO RIBEIRO,CENTRAL GERADORA HIDRELETRICA...,Pessoa Física,SÃO PAULO,SÃO PAULO
254,PCH BARRA DAS AGUAS,PCH AGUAS DO RIO IRANI ENERGETICA...,Pessoa Física,BELO HORIZONTE,MINAS GERAIS
255,PCH BERGAMIN,HIDROELETRICA BERGAMIN LTDA.,Pessoa Física,BELO HORIZONTE,MINAS GERAIS
256,PCH BRACO,PEQUENA CENTRAL HIDROELETRICA...,Pessoa Física,BELO HORIZONTE,MINAS GERAIS
257,PCH BURITI,ELECTRA PCH BURITI SPE S/A,Pessoa Física,SÃO PAULO,SÃO PAULO
258,PCH BV II,PCH BV II - GERACAO DE ENERGIA...,Pessoa Física,SÃO PAULO,SÃO PAULO
259,PCH CABIXI,CASSOL CENTRAIS ELETRICAS...,Pessoa Física,SÃO PAULO,SÃO PAULO
260,PCH CACHIMBO ALTO,HIDROELETRICA CACHIMBO ALTO...,Pessoa Física,SÃO PAULO,SÃO PAULO
261,PCH CACHOEIRA CAMBARA,PEQUENA CENTRAL HIDRELETRICA...,Pessoa Física,SÃO PAULO,SÃO PAULO
262,PCH CACHOEIRAO,HIDRELETRICA CACHOEIRAO SA,Pessoa Física,SÃO PAULO,SÃO PAULO
263,PCH CAMBARA,HIDRELETRICA CAMBARA S/A,Pessoa Física,SÃO PAULO,SÃO PAULO
264,PCH CAQUENDE,MACAUBAS ENERGIA RENOVAVEL...,Pessoa Física,SÃO PAULO,SÃO PAULO
265,PCH CASCATA,HIDROELETRICA CHUPINGUAIA...,Pessoa Física,SÃO PAULO,SÃO PAULO
266,PCH CASTAMAN III,HIDRELETRICA MARGARIDA LTDA,Pessoa Física,SÃO PAULO,SÃO PAULO
267,PCH CASTANHAO,CENTRAL GERADORA HIDRELETRICA...,Pessoa Física,RIO DE JANEIRO,RIO DE JANEIRO
268,PCH CASTRO,CASTRO ENERGIA LTDA,Pessoa Física,RIO DE JANEIRO,RIO DE JANEIRO
269,PCH CAZUZA FERREIRA,CAZUZA FERREIRA ENERGETICA...,Pessoa Física,SÃO PAULO,SÃO PAULO
270,PCH CESAR FILHO AP,CENTRAIS ELETRICAS CESAR FILHO...,Pessoa Física,SÃO PAULO,SÃO PAULO
271,PCH CHUPINGUAIA,USINA HIDRELETRICA CACHOEIRA...,Pessoa Física,SÃO PAULO,SÃO PAULO
272,PCH CLAIRTO ZONTA,ARGENTUM ENERGIA SPE LTDA.,Pessoa Física,BELO HORIZONTE,MINAS GERAIS
273,PCH COQUEIRAL,COQUEIRAL ENERGETICA LTDA.,Pessoa Física,BELO HORIZONTE,MINAS GERAIS
274,RENUS,RENUS - INDUSTRIA DE METAIS...,Pessoa Física,BELO HORIZONTE,MINAS GERAIS
275,REOLON,INDUSTRIA DE EMBALAGENS PLASTICAS...,Pessoa Física,RIO DE JANEIRO,RIO DE JANEIRO
276,REPAMA,REPAMA EQUIPAMENTOS INDUSTRIAIS...,Pessoa Física,RIO DE JANEIRO,RIO DE JANEIRO
277,REPESA,RIO PARANA ENERGIA S.A.,Pessoa Física,BELO HORIZONTE,MINAS GERAIS
278,REPET EMBALAGENS,REPET INDUSTRIA DE EMBALAGENS...,Pessoa Física,BELO HORIZONTE,MINAS GERAIS
279,REPINHO FILIAL,REPINHO REFLORESTADORA MADEIRAS...,Pessoa Física,BELO HORIZONTE,MINAS GERAIS
280,REPINHO MATRIZ,REPINHO REFLORESTADORA MADEIRAS...,Pessoa Física,SÃO PAULO,SÃO PAULO
281,REPLAEX,REPLAEX RESINAS PLASTICAS...,Pessoa Física,SÃO PAULO,SÃO PAULO
282,REPLAST,REPLAST INDUSTRIA E COMERCIO...,Pessoa Física,SÃO PAULO,SÃO PAULO
283,REQUIPH INDUSTRIA,REQUIPH INDUSTRIA E COMERCIO...,Pessoa Física,SÃO PAULO,SÃO PAULO
284,REQUIPH METALURGICA,REQUIPH METALURGICA LTDA,Pessoa Física,SÃO PAULO,SÃO PAULO
285,RER PLASTICOS,OLIVEIRA & OLIVEIRA INDUSTRIA...,Pessoa Física,SÃO PAULO,SÃO PAULO
286,RESENDE SHOP,RESENDE SHOPPING EMPREENDIMENTOS...,Pessoa Física,SÃO PAULO,SÃO PAULO
287,RESERVA CULTURAL RJ,RESERVA CULTURAL DE CINEMA...,Pessoa Física,SÃO PAULO,SÃO PAULO
288,RESICONTROL,RESICONTROL SOLUCOES AMBIENTAIS...,Pessoa Física,SÃO PAULO,SÃO PAULO
289,RESIPLASTIC,RESIPLASTIC INDUSTRIA E COMERCIO...,Pessoa Física,BELO HORIZONTE,MINAS GERAIS
290,RESIPOL,RESIPOL COMERCIO DE RESIDUOS...,Pessoa Física,BELO HORIZONTE,MINAS GERAIS
291,RESTOQUE,RESTOQUE COMERCIO E CONFECCOES...,Pessoa Física,RIO DE JANEIRO,RIO DE JANEIRO
292,RETA ALIMENTOS,RETA ALIMENTOS LTDA,Pessoa Física,SÃO PAULO,SÃO PAULO
293,RETAIL PARK,RETAIL PARK CSL 01 EMPREENDIMENTOS...,Pessoa Física,SÃO PAULO,SÃO PAULO
294,RETESP,RETESP INDUSTRIA DE VEDANTES...,Pessoa Física,SÃO PAULO,SÃO PAULO
295,SANTUARIO APARECIDA,SANTUARIO NACIONAL DE NOSSA...,Pessoa Física,SÃO PAULO,SÃO PAULO
296,SAO ABRAAO,ENEL GREEN POWER SAO ABRAAO...,Pessoa Física,SÃO PAULO,SÃO PAULO
297,SAO BARTOLOMEU,SAO BARTOLOMEU GERADORA DE...,Pessoa Física,SÃO PAULO,SÃO PAULO
298,SAO BRAZ PB,SAO BRAZ S/A INDUSTRIA E COMERCIO...,Pessoa Física,SÃO PAULO,SÃO PAULO
299,SAO CARLOS,TECELAGEM SAO CARLOS SA,Pessoa Física,SÃO PAULO,SÃO PAULO
300,SAO CARLOS ENERGIA,SAO CARLOS ENERGIA S.A,Pessoa Física,SÃO PAULO,SÃO PAULO
301,SAO CLEMENTE I,VENTOS DE SAO CLEMENTE I ENERGIAS...,Pessoa Física,RIO DE JANEIRO,RIO DE JANEIRO
302,SAO CLEMENTE II,VENTOS DE SAO CLEMENTE II...,Pessoa Física,VITÓRIA,ESPÍRITO SANTO
303,SAO CLEMENTE III,VENTOS DE SAO CLEMENTE III...,Pessoa Física,SÃO PAULO,SÃO PAULO
304,SAO CLEMENTE IV,VENTOS DE SAO CLEMENTE IV...,Pessoa Física,SÃO PAULO,SÃO PAULO
305,SAO CLEMENTE V,VENTOS DE SAO CLEMENTE V ENERGIAS...,Pessoa Física,RIO DE JANEIRO,RIO DE JANEIRO
306,SAO CLEMENTE VI,VENTOS DE SAO CLEMENTE VI...,Pessoa Física,SÃO PAULO,SÃO PAULO
307,SAO CLEMENTE VII,VENTOS DE SAO CLEMENTE VII...,Pessoa Física,SÃO PAULO,SÃO PAULO
308,SAO CLEMENTE VIII,VENTOS DE SAO CLEMENTE VIII...,Pessoa Física,SÃO PAULO,SÃO PAULO
309,SAO CRISTOVAO,ASSOCIACAO DE BENEFICENCIA...,Pessoa Física,SÃO PAULO,SÃO PAULO
310,SAO DOMINGOS GERACAO,SAO DOMINGOS GERACAO DE ENERGIAS...,Pessoa Física,SÃO PAULO,SÃO PAULO
311,SAO DOMINGOS I5,USINA SAO DOMINGOS-ACUCAR...,Pessoa Física,SÃO PAULO,SÃO PAULO
312,SAO FRAN GRAF,SAO FRANCISCO GRAFICA E EDITORA...,Pessoa Física,SÃO PAULO,SÃO PAULO
313,SAO GABRIEL PAPEIS,SAO GABRIEL PAPEIS LTDA,Pessoa Física,VITÓRIA,ESPÍRITO SANTO
314,SAO GABRIEL SANEAMENTO,SAO GABRIEL SANEAMENTO S.A,Pessoa Física,VITÓRIA,ESPÍRITO SANTO
315,SAO JOAO,USINA DE ENERGIA EOLICA SAO...,Pessoa Física,VITÓRIA,ESPÍRITO SANTO
316,TERMOPOT,TERMOPOT - TERMOFORMAGENS...,Pessoa Física,SÃO PAULO,SÃO PAULO
317,TERMOTECNICA,TERMOTECNICA LTDA,Pessoa Física,SÃO PAULO,SÃO PAULO
318,TERMOVERDE CAIEIRAS,TERMOVERDE CAIEIRAS LTDA,Pessoa Física,SÃO PAULO,SÃO PAULO
319,TERMOVERDE I1,TERMOVERDE SALVADOR S.A.,Pessoa Física,SÃO PAULO,SÃO PAULO
320,TERPHANE NE,TERPHANE LTDA,Pessoa Física,SÃO PAULO,SÃO PAULO
321,TERRA ENERGIA,MMA COMERCIALIZACAO DE ENERGIA...,Pessoa Física,SÃO PAULO,SÃO PAULO
322,TERRA ENERGY,TERRA ENERGY COMERCIALIZADORA...,Pessoa Física,SÃO PAULO,SÃO PAULO
323,TERRA RICA,TERRA RICA - INDUSTRIA E COMERCIO...,Pessoa Física,SÃO PAULO,SÃO PAULO
324,TERRACO SHOPPING,CONDOMINIO DO COMPLEXO COMERCIAL...,Pessoa Física,SÃO PAULO,SÃO PAULO
325,TERRACOTAGRES,TERRACOTAGRES CERAMICA LTDA,Pessoa Física,SÃO PAULO,SÃO PAULO
326,TERRAL,USINA DE ENERGIA EOLICA TERRAL...,Pessoa Física,SÃO PAULO,SÃO PAULO
327,TERRANOVA,COOPERATIVA AGROPECUARIA MISTA...,Pessoa Física,SÃO PAULO,SÃO PAULO
328,TERRANUTS,TERRANUTS AGROINDUSTRIAL S.A.,Pessoa Física,SÃO PAULO,SÃO PAULO
329,TERRAR,TERRAR INDUSTRIA E COMERCIO...,Pessoa Física,SÃO PAULO,SÃO PAULO
330,TERRITORIAL,TERRITORIAL SAO PAULO MINERACAO...,Pessoa Física,SÃO PAULO,SÃO PAULO
331,TERUEL,PAPEIS AMALIA LTDA,Pessoa Física,SÃO PAULO,SÃO PAULO
332,TES,TES - TERMINAL EXPORTADOR...,Pessoa Física,RIO DE JANEIRO,RIO DE JANEIRO
333,TESA,TERMOELETRICA SANTA ADELIA...,Pessoa Física,RIO DE JANEIRO,RIO DE JANEIRO
334,TESLACOM,TESLA COMERCIALIZADORA DE...,Pessoa Física,VITÓRIA,ESPÍRITO SANTO
335,TESS,TESS INDUSTRIA E COMERCIO...,Pessoa Física,SÃO PAULO,SÃO PAULO
336,TESSER,TESSER INDUSTRIA DE MADEIRAS...,Pessoa Física,SÃO PAULO,SÃO PAULO
337,UNIMED BH,UNIMED BELO HORIZONTE COOPERATIVA...,Pessoa Física,BELO HORIZONTE,MINAS GERAIS
338,UNIMED FORTALEZA MATRIZ,UNIMED FORTALEZA SOCIEDADE...,Pessoa Física,BELO HORIZONTE,MINAS GERAIS
339,UNIMED GV,UNIMED GOVERNADOR VALADARES...,Pessoa Física,BELO HORIZONTE,MINAS GERAIS
340,UNIMED JARAGUA,COOPERATIVA DE TRABALHO MEDICO...,Pessoa Física,RIO DE JANEIRO,RIO DE JANEIRO
341,UNIMED JOINVILLE,UNIMED DE JOINVILLE COOPERATIVA...,Pessoa Física,RIO DE JANEIRO,RIO DE JANEIRO
342,UNIMED JP,UNIMED JOAO PESSOA COOPERATIVA...,Pessoa Física,RIO DE JANEIRO,RIO DE JANEIRO
343,UNIMED LITORAL,UNIMED LITORAL COOPERATIVA...,Pessoa Física,SÃO PAULO,SÃO PAULO
344,UNIMED NORDESTE,UNIMED NORDESTE RS SOCIEDADE...,Pessoa Física,BELO HORIZONTE,MINAS GERAIS
345,UNIMED NOROESTE,UNIMED NOROESTE CAPIXABA COOPERATIVA...,Pessoa Física,BELO HORIZONTE,MINAS GERAIS
346,UNIMED POA,UNIMED PORTO ALEGRE - COOPERATIVA...,Pessoa Física,SÃO PAULO,SÃO PAULO
347,UNIMED RIBEIRÃO,UNIMED DE RIBEIRAO PRETO COOPERATIVA...,Pessoa Física,SÃO PAULO,SÃO PAULO
348,UNIMED SJRP,UNIMED SJRPRETO COOPERATIVA...,Pessoa Física,RIO DE JANEIRO,RIO DE JANEIRO
349,UNIMED SOROCABA,UNIMED DE SOROCABA COOPERATIVA...,Pessoa Física,RIO DE JANEIRO,RIO DE JANEIRO
350,UNIMED VALE DO ACO,UNIMED VALE DO ACO COOPERATIVA...,Pessoa Física,RIO DE JANEIRO,RIO DE JANEIRO
351,UNIMED VALE DO CAI,UNIMED VALE DO CAI/RS - COOPERATIVA...,Pessoa Física,RIO DE JANEIRO,RIO DE JANEIRO
352,UNIMED VALE DO SINOS,UNIMED VALE DO SINOS - COOPERATIVA...,Pessoa Física,RIO DE JANEIRO,RIO DE JANEIRO
353,UNIMED VR,UNIMED DE VOLTA REDONDA COOPERATIVA...,Pessoa Física,SÃO PAULO,SÃO PAULO
354,UNIMETAL,UNIMETAL INDUSTRIA COMERCIO...,Pessoa Física,SÃO PAULO,SÃO PAULO
355,UNIMIL MATRIZ,UNIMIL INDUSTRIA E COMERCIO...,Pessoa Física,SÃO PAULO,SÃO PAULO
356,UNIMIN,UNIMIN DO BRASIL LTDA,Pessoa Física,VITÓRIA,ESPÍRITO SANTO
357,UNIMINAS AGRO,UNIMINAS AGRO-INDUSTRIAL LTDA,Pessoa Física,RIO DE JANEIRO,RIO DE JANEIRO
358,VIAVAREJO,VIA VAREJO S/A,Pessoa Física,VITÓRIA,ESPÍRITO SANTO
359,VIAVERDE,CONDOMINIO VOLUNTARIO VIA...,Pessoa Física,SÃO PAULO,SÃO PAULO
360,VIBEOLI CERAMICA,VIBEOLI CERAMICA LTDA,Pessoa Física,SÃO PAULO,SÃO PAULO
361,VIBRA,VIBRA AGROINDUSTRIAL S/A,Pessoa Física,SÃO PAULO,SÃO PAULO
362,VIBRACO,INDUSTRIA DE PLASTICO E VIDRO...,Pessoa Física,SÃO PAULO,SÃO PAULO
363,VIBRACOUSTIC,VIBRACOUSTIC SOUTH AMERICA...,Pessoa Física,SÃO PAULO,SÃO PAULO
364,VICATO,VICATO ALIMENTOS LTDA,Pessoa Física,SÃO PAULO,SÃO PAULO
365,VICUNHA IV,VICUNHA TEXTIL S/A.,Pessoa Física,SÃO PAULO,SÃO PAULO
366,VICUNHA SERVICOS,VICUNHA SERVICOS LTDA.,Pessoa Física,SÃO PAULO,SÃO PAULO
367,VIDEOLAR INNOVA I,VIDEOLAR-INNOVA S/A,Pessoa Física,SÃO PAULO,SÃO PAULO
368,VIDEOLAR IV,VIDEOLAR-INNOVA S/A,Pessoa Física,SÃO PAULO,SÃO PAULO
369,VIDEOLAR-INNOVA,VIDEOLAR-INNOVA S/A,Pessoa Física,SÃO PAULO,SÃO PAULO
370,VIDEPET,VIDEIRA PET LTDA.,Pessoa Física,SÃO PAULO,SÃO PAULO
371,VIDEPLAST EMBALAGENS,VIDEPLAST EMBALAGENS PLASTICAS...,Pessoa Física,VITÓRIA,ESPÍRITO SANTO
372,VIDEPLAST INDUSTRIA,VIDEPLAST INDUSTRIA DE EMBALAGENS...,Pessoa Física,VITÓRIA,ESPÍRITO SANTO
373,VIDORA,VIDORA FARMACEUTICA LTDA,Pessoa Física,VITÓRIA,ESPÍRITO SANTO
374,VIDRACARIA GUAPORE,VIDRACARIA GUAPORE LTDA,Pessoa Física,SÃO PAULO,SÃO PAULO
375,VIDRACARIA LAJEADENSE,VIDRACARIA LAJEADENSE LTDA,Pessoa Física,SÃO PAULO,SÃO PAULO
376,VIDRACARIA PESTANA LTDA,VIDRACARIA PESTANA LTDA,Pessoa Física,SÃO PAULO,SÃO PAULO
377,VIDRARIA ANCHIETA,VIDRARIA ANCHIETA LTDA,Pessoa Física,SÃO PAULO,SÃO PAULO
378,VIDROBOX,VIDROBOX VIDROS GERAIS LTDA,Pessoa Física,SÃO PAULO,SÃO PAULO
379,VERACRUZ GERACAO,VERA CRUZ GERACAO DE ENERGIA...,Pessoa Física,BELO HORIZONTE,MINAS GERAIS
380,VERDE 08,VERDE 08 ENERGIA S.A.,Pessoa Física,BELO HORIZONTE,MINAS GERAIS
381,VERDE 4,SAVANA GERACAO DE ENERGIA...,Pessoa Física,BELO HORIZONTE,MINAS GERAIS
382,VERDE 4A,PHOENIX GERACAO DE ENERGIA...,Pessoa Física,BELO HORIZONTE,MINAS GERAIS
383,VERDEBRITA,VERDEBRITA BENEFICIAMENTO...,Pessoa Física,RIO DE JANEIRO,RIO DE JANEIRO
384,VERPARINVEST,VERPARINVEST S/A,Pessoa Física,SÃO PAULO,SÃO PAULO
385,VERTENERGIECOM,VERT ENERGIE COMERCIALIZADORA...,Pessoa Física,SÃO PAULO,SÃO PAULO
386,VESUVIUS,VESUVIUS REFRATARIOS LTDA,Pessoa Física,SÃO PAULO,SÃO PAULO
387,VESUVIUS REFRATARIOS,VESUVIUS REFRATARIOS LTDA,Pessoa Física,RIO DE JANEIRO,RIO DE JANEIRO
388,VETORE,VETORE INDUSTRIA E COMERCIO...,Pessoa Física,VITÓRIA,ESPÍRITO SANTO
389,VETORIAL,VETORIAL SIDERURGIA LTDA,Pessoa Física,SÃO PAULO,SÃO PAULO
390,VHM VIDROS,VHM VIDROS LTDA,Pessoa Física,SÃO PAULO,SÃO PAULO
391,VIA BRASIL,CONDOMINIO DO VIA BRASIL SHOPPING...,Pessoa Física,RIO DE JANEIRO,RIO DE JANEIRO
392,VIA NECTARE,VIA NECTARE TECNOLOGIA EM...,Pessoa Física,SÃO PAULO,SÃO PAULO
393,VIA SCARPA,INDUSTRIA E COMERCIO DE CALCADOS...,Pessoa Física,SÃO PAULO,SÃO PAULO
394,VIAMOBILIDADE,CONCESSIONARIA DAS LINHAS...,Pessoa Física,SÃO PAULO,SÃO PAULO
395,VIANORTE SHOP,SHOPPING MANAUS VIA NORTE...,Pessoa Física,SÃO PAULO,SÃO PAULO
396,VIAPOL,VIAPOL LTDA,Pessoa Física,RIO DE JANEIRO,RIO DE JANEIRO
397,VIAQUATRO,CONCESSIONARIA DA LINHA 4...,Pessoa Física,SÃO PAULO,SÃO PAULO
398,VIASHOP BAR,CONDOMINIO OPERACIONAL VIASHOPPING...,Pessoa Física,SÃO PAULO,SÃO PAULO
399,VIASHOP PAMP,CONDOMINIO OPERACIONAL VIASHOPPING...,Pessoa Física,SÃO PAULO,SÃO PAULO
400,UNIFRAX,UNIFRAX BRASIL LTDA,Pessoa Física,SÃO PAULO,SÃO PAULO
401,UNIGARANHUNS,UNILEVER BRASIL INDUSTRIAL...,Pessoa Física,SÃO PAULO,SÃO PAULO
402,UNIGOIANIA,UNILEVER BRASIL INDUSTRIAL...,Pessoa Física,SÃO PAULO,SÃO PAULO
403,UNIGRAN,UNIGRAN EDUCACIONAL,Pessoa Física,BELO HORIZONTE,MINAS GERAIS
404,UNIINDAIA,UNILEVER BRASIL INDUSTRIAL...,Pessoa Física,BELO HORIZONTE,MINAS GERAIS
405,UNIIPOJUCA,UNILEVER BRASIL INDUSTRIAL...,Pessoa Física,BELO HORIZONTE,MINAS GERAIS
406,UNIJORGE,ASBEC-SOCIEDADE BAIANA DE...,Pessoa Física,SÃO PAULO,SÃO PAULO
407,UNIL,UNIL INDUSTRIA E COMERCIO...,Pessoa Física,RIO DE JANEIRO,RIO DE JANEIRO
408,UNILASALLE,SOCIEDADE PORVIR CIENTIFICO,Pessoa Física,SÃO PAULO,SÃO PAULO
409,UNILEVER CD LOUVEIRA,UNILEVER BRASIL LTDA.,Pessoa Física,SÃO PAULO,SÃO PAULO
410,UNILEVER CD POUSO,UNILEVER BRASIL LTDA.,Pessoa Física,SÃO PAULO,SÃO PAULO
411,UNILEVER IGARASSU,UNILEVER BRASIL INDUSTRIAL...,Pessoa Física,SÃO PAULO,SÃO PAULO
412,UNIMARKA ES,UNIMARKA DISTRIBUIDORA S/A,Pessoa Física,BELO HORIZONTE,MINAS GERAIS
413,UNIMART SHOPPING CAMPINAS,CONDOMINIO CIVIL VOLUNTARIO...,Pessoa Física,SÃO PAULO,SÃO PAULO
414,UNIMAX,INSTITUTO DE ENSINO SUPERIOR...,Pessoa Física,SÃO PAULO,SÃO PAULO
415,UNIMED,UNIMED VITORIA COOPERATIVA...,Pessoa Física,SÃO PAULO,SÃO PAULO
416,UNIMED ARA,UNIMED DE ARARAQUARA COOPERATIVA...,Pessoa Física,SÃO PAULO,SÃO PAULO
417,UNIMED ARACATUBA,UNIMED DE ARACATUBA - COOPERATIVA...,Pessoa Física,SÃO PAULO,SÃO PAULO
418,UNIMED BAURU,UNIMED DE BAURU COOPERATIVA...,Pessoa Física,SÃO PAULO,SÃO PAULO
419,UNIMED BAURU MATRIZ,UNIMED DE BAURU COOPERATIVA...,Pessoa Física,SÃO PAULO,SÃO PAULO
420,UNIMED BELEM,UNIMED BELEM COOPERATIVA DE...,Pessoa Física,RIO DE JANEIRO,RIO DE JANEIRO
421,TEMPERMED,TEMPERMED INDUSTRIA E COMERCIO...,Pessoa Física,RIO DE JANEIRO,RIO DE JANEIRO
422,TEMPERSINOS,TEMPERSINOS INDUSTRIA DE VIDROS...,Pessoa Física,VITÓRIA,ESPÍRITO SANTO
423,TEMPERTINS,TEMPERTINS INDUSTRIA E COMERCIO...,Pessoa Física,VITÓRIA,ESPÍRITO SANTO
424,TEMPO ENERGIA,TEMPO ENERGIA S.A.,Pessoa Física,SÃO PAULO,SÃO PAULO
425,TENDA,TENDA ATACADO SA,Pessoa Física,SÃO PAULO,SÃO PAULO
426,TENNECO,TENNECO AUTOMOTIVE BRASIL...,Pessoa Física,SÃO PAULO,SÃO PAULO
427,TERA,TERA METAIS ALUMINIO LTDA.,Pessoa Física,SÃO PAULO,SÃO PAULO
428,TERA PAPEIS,TERA INDUSTRIA DE PAPEIS -...,Pessoa Física,SÃO PAULO,SÃO PAULO
429,TEREFTALICOS,TEREFTALICOS INDUSTRIAS QUIMICAS...,Pessoa Física,RIO DE JANEIRO,RIO DE JANEIRO
430,TERM MARINGA,TERMINAL MARINGA S/A,Pessoa Física,SÃO PAULO,SÃO PAULO
431,TERM PARANAGUA,TERMINAL PORTUARIO SEARA S/A,Pessoa Física,SÃO PAULO,SÃO PAULO
432,TERMAG,TERMINAL MARITIMO DO GUARUJA...,Pessoa Física,RIO DE JANEIRO,RIO DE JANEIRO
433,TERMINAL TIETE,SOCICAM ADMINISTRACAO PROJETOS...,Pessoa Física,SÃO PAULO,SÃO PAULO
434,TERMO ACO,TERMO ACO TRATAMENTOS TERMICOS...,Pessoa Física,VITÓRIA,ESPÍRITO SANTO
435,TERMO INTERLAGOS,TERMOELETRICA INTERLAGOS LTDA.,Pessoa Física,SÃO PAULO,SÃO PAULO
436,TERMOCABO,TERMOCABO S.A.,Pessoa Física,BELO HORIZONTE,MINAS GERAIS
437,TERMOCOLOR,TERMOCOLOR INDUSTRIA E COMERCIO...,Pessoa Física,BELO HORIZONTE,MINAS GERAIS
438,TERMOLAR,TERMOLAR SA,Pessoa Física,BELO HORIZONTE,MINAS GERAIS
439,TERMOMECANICA,TERMOMECANICA SAO PAULO S...,Pessoa Física,SÃO PAULO,SÃO PAULO
440,TERMONORTE,TERMO NORTE ENERGIA S/A,Pessoa Física,SÃO PAULO,SÃO PAULO
441,TERMOPE,TERMOPERNAMBUCO S/A,Pessoa Física,SÃO PAULO,SÃO PAULO
442,REITER BRASIL,REITER BRASIL SOLUCOES DE...,Pessoa Física,RIO DE JANEIRO,RIO DE JANEIRO
443,REITER LOG,REITER TRANSPORTES E LOGISTICA...,Pessoa Física,RIO DE JANEIRO,RIO DE JANEIRO
444,RELIPEL,RELIPEL EMBALAGENS FLEXIVEIS...,Pessoa Física,RIO DE JANEIRO,RIO DE JANEIRO
445,RELIX,RELIX INDUSTRIA E COMERCIO...,Pessoa Física,RIO DE JANEIRO,RIO DE JANEIRO
446,REMO POLIMEROS,REMO INDUSTRIA E COMERCIO...,Pessoa Física,SÃO PAULO,SÃO PAULO
447,RENAISSANCE,RENAISSANCE DO BRASIL HOTELARIA...,Pessoa Física,SÃO PAULO,SÃO PAULO
448,RENAR,RENAR MOVEIS LTDA,Pessoa Física,SÃO PAULO,SÃO PAULO
449,RENASCENCA V,RENASCENCA V ENERGIAS RENOVAVEIS...,Pessoa Física,SÃO PAULO,SÃO PAULO
450,RENAULT,RENAULT DO BRASIL S.A,Pessoa Física,SÃO PAULO,SÃO PAULO
451,RENAULT COMERCIO,RENAULT DO BRASIL COMERCIO...,Pessoa Física,SÃO PAULO,SÃO PAULO
452,RENAULT ENERGIA,LAF COMERCIALIZADORA DE ENERGIA...,Pessoa Física,SÃO PAULO,SÃO PAULO
453,RENAVI,EMPRESA BRASILEIRA DE REPAROS...,Pessoa Física,RIO DE JANEIRO,RIO DE JANEIRO
454,RENNER HERRMANN,RENNER HERRMANN SA,Pessoa Física,RIO DE JANEIRO,RIO DE JANEIRO
455,RENNER MATRIZ,LOJAS RENNER S.A.,Pessoa Física,RIO DE JANEIRO,RIO DE JANEIRO
456,RENNER MCFIL,MCFIL INDUSTRIA E COMERCIO...,Pessoa Física,SÃO PAULO,SÃO PAULO
457,RENOME,ASSOCIACAO DA RENOVACAO DO...,Pessoa Física,SÃO PAULO,SÃO PAULO
458,RENOVA,RENOVA LAVANDERIA & TOALHEIRO...,Pessoa Física,VITÓRIA,ESPÍRITO SANTO
459,RENOVA COM,RENOVA COMERCIALIZADORA DE...,Pessoa Física,SÃO PAULO,SÃO PAULO
460,RENOVAPLASTIC,RENOVAPLASTIC INDUSTRIA E...,Pessoa Física,SÃO PAULO,SÃO PAULO
461,RENUKA,RENUKA DO BRASIL S.A. - EM...,Pessoa Física,SÃO PAULO,SÃO PAULO
462,RENUKA GERA,RENUKA GERADORA DE ENERGIA...,Pessoa Física,BELO HORIZONTE,MINAS GERAIS
463,NORTESULSHOP,CONDOMINIO NORTE SUL,Pessoa Física,SÃO PAULO,SÃO PAULO
464,NORTEX SA,NORTEX INDUSTRIA E COMERCIO...,Pessoa Física,RIO DE JANEIRO,RIO DE JANEIRO
465,NORTH SHOP,NORTH SHOPPING BARRETOS SPE...,Pessoa Física,VITÓRIA,ESPÍRITO SANTO
466,NORTH SHOPPING,ASSOCIACAO DOS LOJISTAS DO...,Pessoa Física,SÃO PAULO,SÃO PAULO
467,NORTH SHOPPING SOBRAL,CONDOMINIO SOBRAL SHOPPING,Pessoa Física,BELO HORIZONTE,MINAS GERAIS
468,NOSSAPLAST,NOSSA INDUSTRIA DE PLASTICOS...,Pessoa Física,BELO HORIZONTE,MINAS GERAIS
469,NOTARO,NOTARO ALIMENTOS LTDA,Pessoa Física,BELO HORIZONTE,MINAS GERAIS
470,NOTARO GARAN,NOTARO ALIMENTOS LTDA,Pessoa Física,BELO HORIZONTE,MINAS GERAIS
471,NOTARO MATRIZEIRO BJ,NOTARO ALIMENTOS LTDA,Pessoa Física,SÃO PAULO,SÃO PAULO
472,NOTARO PAULISTA,NOTARO ALIMENTOS LTDA,Pessoa Física,SÃO PAULO,SÃO PAULO
473,NOTARO-MA MATRIZEIRO,NOTARO ALIMENTOS LTDA,Pessoa Física,SÃO PAULO,SÃO PAULO
474,NOTARO-MA RACAO,NOTARO ALIMENTOS LTDA,Pessoa Física,RIO DE JANEIRO,RIO DE JANEIRO
475,NOTAVEL,INDUSTRIA DE MOVEIS NOTAVEL...,Pessoa Física,RIO DE JANEIRO,RIO DE JANEIRO
476,NOTRE DAME,NOTRE DAME INTERMEDICA SAUDE...,Pessoa Física,RIO DE JANEIRO,RIO DE JANEIRO
477,NOTUS,CENTRAL GERADORA EOLICA NOTUS...,Pessoa Física,RIO DE JANEIRO,RIO DE JANEIRO
478,NOV FLEXIBLES,NOV FLEXIBLES EQUIPAMENTOS...,Pessoa Física,RIO DE JANEIRO,RIO DE JANEIRO
479,NOVA ALIANCA,COOPERATIVA AGROINDUSTRIAL...,Pessoa Física,SÃO PAULO,SÃO PAULO
480,NOVA ASA B I,NOVA ASA BRANCA I ENERGIAS...,Pessoa Física,SÃO PAULO,SÃO PAULO
481,NOVA ASA B II,NOVA ASA BRANCA II ENERGIAS...,Pessoa Física,SÃO PAULO,SÃO PAULO
482,NOVA ASA B III,NOVA ASA BRANCA III ENERGIAS...,Pessoa Física,SÃO PAULO,SÃO PAULO
483,NOVA BURITI,NOVA EOLICA BURITI S.A.,Pessoa Física,VITÓRIA,ESPÍRITO SANTO
484,INAPEL,INAPEL EMBALAGENS LTDA,Pessoa Física,RIO DE JANEIRO,RIO DE JANEIRO
485,INBRACELL,INBRACELL IND BRASIL DE ACUMULADORES...,Pessoa Física,RIO DE JANEIRO,RIO DE JANEIRO
486,INBRAFILTRO,INBRAFILTRO INDUSTRIA E COMERCIO...,Pessoa Física,RIO DE JANEIRO,RIO DE JANEIRO
487,INBRAGLASS,INBRA-GLASS INDUSTRIA E COMERCIO...,Pessoa Física,VITÓRIA,ESPÍRITO SANTO
488,INBRAPE,INBRAPE TECIDOS INDUSTRIAIS...,Pessoa Física,VITÓRIA,ESPÍRITO SANTO
489,INBRASIL,PLASTIBRASIL INDUSTRIA E COMERCIO...,Pessoa Física,VITÓRIA,ESPÍRITO SANTO
490,INBRASP,INBRASP - INDUSTRIA BRASILEIRA...,Pessoa Física,VITÓRIA,ESPÍRITO SANTO
491,INBRASP FILIA,INBRASP - INDUSTRIA BRASILEIRA...,Pessoa Física,SÃO PAULO,SÃO PAULO
492,INC,INSTITUTO DE NEUROLOGIA DE...,Pessoa Física,SÃO PAULO,SÃO PAULO
493,INCABRAS,INCABRAS INDUSTRIA E COM DE...,Pessoa Física,SÃO PAULO,SÃO PAULO
494,INCARGEL,INCARGEL INDUSTRIA DE CERAMICA...,Pessoa Física,SÃO PAULO,SÃO PAULO
495,INCASA,INCASA S/A,Pessoa Física,SÃO PAULO,SÃO PAULO
496,INCATEX,INCATEX INDUSTRIA DE ACABAMENTO...,Pessoa Física,SÃO PAULO,SÃO PAULO
497,INCEFRA,INDUSTRIA CERAMICA FRAGNANI...,Pessoa Física,SÃO PAULO,SÃO PAULO
498,INCENOR,INCENOR INDUSTRIA CERAMICA...,Pessoa Física,RIO DE JANEIRO,RIO DE JANEIRO
499,INCEPA,INCEPA REVESTIMENTOS CERAMICOS...,Pessoa Física,RIO DE JANEIRO,RIO DE JANEIRO
500,INCOBIO,INCOBIO INDUSTRIA E COMERCIO...,Pessoa Física,RIO DE JANEIRO,RIO DE JANEIRO
501,INCOFIOS,INCOFIOS INDUSTRIA E COMERCIO...,Pessoa Física,SÃO PAULO,SÃO PAULO
502,INCOM,INCOM - INDUSTRIAL EIRELI,Pessoa Física,SÃO PAULO,SÃO PAULO
503,INCOMFIO,INCOMFIO LTDA,Pessoa Física,SÃO PAULO,SÃO PAULO
504,INCOMFRAL,INCOMFRAL - INDUSTRIA E COMERCIO...,Pessoa Física,BELO HORIZONTE,MINAS GERAIS
505,HONDA AMAZONIA,MOTO HONDA DA AMAZONIA LTDA,Pessoa Física,SÃO PAULO,SÃO PAULO
506,HONDA ENERGY,HONDA ENERGY DO BRASIL LTDA.,Pessoa Física,SÃO PAULO,SÃO PAULO
507,HONDA LOCK,HONDA LOCK DO BRASIL LTDA,Pessoa Física,SÃO PAULO,SÃO PAULO
508,HONDA LOCK SP,HONDA LOCK SAO PAULO INDUSTRIA...,Pessoa Física,SÃO PAULO,SÃO PAULO
509,HONPAR,ASSOCIACAO NORTE PARANAENSE...,Pessoa Física,SÃO PAULO,SÃO PAULO
510,HORIZON1,HORIZON ARTEFATOS DE BORRACHA...,Pessoa Física,SÃO PAULO,SÃO PAULO
511,HORIZONTE MP,ENEL GREEN POWER HORIZONTE...,Pessoa Física,SÃO PAULO,SÃO PAULO
512,HORIZONTES,HORIZONTES ENERGIA S/A,Pessoa Física,SÃO PAULO,SÃO PAULO
513,HORTIFRUTI,HORTIGIL HORTIFRUTI S.A.,Pessoa Física,SÃO PAULO,SÃO PAULO
514,HOSP ALB EINST,SOCIEDADE BENEF ISRAELITABRAS...,Pessoa Física,BELO HORIZONTE,MINAS GERAIS
515,HOSP ALIANCA,SOCIEDADE ANONIMA HOSPITAL...,Pessoa Física,RIO DE JANEIRO,RIO DE JANEIRO
516,HOSP ALVORADA,HOSPITAL ALVORADA TAGUATINGA...,Pessoa Física,SÃO PAULO,SÃO PAULO
517,HOSP BENF PORT SJRP,ASSOCIACAO PORTUGUESA DE BENEFICENCIA...,Pessoa Física,VITÓRIA,ESPÍRITO SANTO
518,HOSP CANCER,FUNDACAO PIO XII,Pessoa Física,VITÓRIA,ESPÍRITO SANTO
519,HOSP D HELENA,ASSOCIACAO BENEFICENTE EVANGELICA...,Pessoa Física,VITÓRIA,ESPÍRITO SANTO
520,HOSP JARAGUA DO SUL,COMUNIDADE EVANGELICA LUTERANA...,Pessoa Física,VITÓRIA,ESPÍRITO SANTO
521,HOSP JORGE VALENTE,PROMEDICA PATRIMONIAL S A...,Pessoa Física,SÃO PAULO,SÃO PAULO
522,HOSP MIN COSTA CAVALCANTI,FUNDACAO DE SAUDE ITAIGUAPY,Pessoa Física,SÃO PAULO,SÃO PAULO
523,HOSP OSWALDO CRUZ,HOSPITAL ALEMAO OSWALDO CRUZ,Pessoa Física,RIO DE JANEIRO,RIO DE JANEIRO
524,HOSP SANTA CATARINA,HOSPITAL SANTA CATARINA,Pessoa Física,RIO DE JANEIRO,RIO DE JANEIRO
525,HOSP SANTA CLARA UBERLANDIA,HOSPITAL E MATERNIDADE SANTA...,Pessoa Física,SÃO PAULO,SÃO PAULO
526,FERMAG,FERMAG FERRITAS MAGNETICAS...,Pessoa Física,SÃO PAULO,SÃO PAULO
527,FERMAVI,FERMAVI ELETROQUIMICA LTDA,Pessoa Física,SÃO PAULO,SÃO PAULO
528,FERNANDEZ S A,FERNANDEZ SOCIEDADE ANONIMA...,Pessoa Física,SÃO PAULO,SÃO PAULO
529,FERNANPLAS,FERNANPLAS INDUSTRIA E COMERCIO...,Pessoa Física,SÃO PAULO,SÃO PAULO
530,FERRAGENS 3F DO BRASIL EIRELI,FERRAGENS 3F DO BRASIL EIRELI,Pessoa Física,SÃO PAULO,SÃO PAULO
531,FERRARI DIAMOND,FERRARI DIAMOND TOOLS INDUSTRIA...,Pessoa Física,RIO DE JANEIRO,RIO DE JANEIRO
532,FERRARI METALURGICA,FERRARI INDUSTRIA METALURGICA...,Pessoa Física,RIO DE JANEIRO,RIO DE JANEIRO
533,FERRARI TERMO,FERRARI TERMOELETRICA S/A,Pessoa Física,RIO DE JANEIRO,RIO DE JANEIRO
534,FERREIRA COSTA,FERREIRA COSTA & CIA LTDA,Pessoa Física,SÃO PAULO,SÃO PAULO
535,FERREIRA GOMES,FERREIRA GOMES ENERGIA S.A.,Pessoa Física,SÃO PAULO,SÃO PAULO
536,FERREIRA INTERNATIONAL,FERREIRA INTERNATIONAL LTDA,Pessoa Física,SÃO PAULO,SÃO PAULO
537,FERRERO,FERRERO DO BRASIL INDUSTRIA...,Pessoa Física,SÃO PAULO,SÃO PAULO
538,FERRO ENAMEL,FERRO ENAMEL DO BRASIL INDUSTRIA...,Pessoa Física,RIO DE JANEIRO,RIO DE JANEIRO
539,FERRO LIGAS,FERRO LIGAS PIRACICABA LTDA.,Pessoa Física,SÃO PAULO,SÃO PAULO
540,FERROLENE,FERROLENE SA INDUSTRIA E COMERCIO...,Pessoa Física,SÃO PAULO,SÃO PAULO
541,FERROMAIS,FERRO + MINERACAO S.A.,Pessoa Física,SÃO PAULO,SÃO PAULO
542,FERROMINAS PERFILADOS,UBA-FERROMINAS PERFILADOS...,Pessoa Física,SÃO PAULO,SÃO PAULO
543,FERRONORTE CL,FERRONORTE INDUSTRIAL LTDA,Pessoa Física,SÃO PAULO,SÃO PAULO
544,FERROPORT,FERROPORT LOGISTICA COMERCIAL...,Pessoa Física,SÃO PAULO,SÃO PAULO
545,FERROSIDER COMPONENTES,FERROSIDER COMPONENTES LTDA,Pessoa Física,SÃO PAULO,SÃO PAULO
546,FERROUS EMESA,EMPRESA DE MINERACAO ESPERANCA...,Pessoa Física,SÃO PAULO,SÃO PAULO
547,DEMEI-GERACAO,DEPARTAMENTO MUNICIPAL DE...,Pessoa Física,RIO DE JANEIRO,RIO DE JANEIRO
548,DEMELLO ALIMENTOS,DEMELLO ALIMENTOS LTDA.,Pessoa Física,VITÓRIA,ESPÍRITO SANTO
549,DEMOBILE,DEMOBILE - INDUSTRIA DE MOVEIS...,Pessoa Física,SÃO PAULO,SÃO PAULO
550,DEMORE,ACO PECAS DEMORE LTDA,Pessoa Física,SÃO PAULO,SÃO PAULO
551,DENDE DO TAUA,DENDE DO TAUA S/A DENTAUA,Pessoa Física,SÃO PAULO,SÃO PAULO
552,DENK,METALURGICA DENK LTDA,Pessoa Física,BELO HORIZONTE,MINAS GERAIS
553,DENSO,DENSO DO BRASIL LTDA,Pessoa Física,SÃO PAULO,SÃO PAULO
554,DENSO ST,DENSO SISTEMAS TERMICOS DO...,Pessoa Física,SÃO PAULO,SÃO PAULO
555,DENTAL MORELLI,DENTAL MORELLI LTDA,Pessoa Física,SÃO PAULO,SÃO PAULO
556,DENTALCLEAN,RABBIT INDUSTRIA E COMERCIO...,Pessoa Jurídica,RIO DE JANEIRO,RIO DE JANEIRO
557,DENTSPLY,"VIPI INDUSTRIA, COMERCIO,...",Pessoa Jurídica,SÃO PAULO,SÃO PAULO
558,DENVER,DENVER ESPECIALIDADES QUIMICAS...,Pessoa Jurídica,VITÓRIA,ESPÍRITO SANTO
559,DENVER IMPERMEABILIZANTES,"DENVER IMPERMEABILIZANTES,...",Pessoa Jurídica,VITÓRIA,ESPÍRITO SANTO
560,DENVER MOC,FABRICA MINEIRA DE ELETRODOS...,Pessoa Jurídica,VITÓRIA,ESPÍRITO SANTO
561,DEPINUS,DEPINUS INDUSTRRIA E COMERCIO...,Pessoa Jurídica,VITÓRIA,ESPÍRITO SANTO
562,DERIMAM,AGROINDUSTRIAL E COMERCIAL...,Pessoa Jurídica,SÃO PAULO,SÃO PAULO
563,DESA URIEL,VENTOS DE SANTO URIEL S.A,Pessoa Jurídica,SÃO PAULO,SÃO PAULO
564,DESCALVADO,MINERACAO DESCALVADO LIMITADA,Pessoa Jurídica,SÃO PAULO,SÃO PAULO
565,DESCARPACK,DESCARPACK DESCARTAVEIS DO...,Pessoa Jurídica,SÃO PAULO,SÃO PAULO
566,DESLEECLAMA,DESLEECLAMA BRAZIL INDUSTRIA...,Pessoa Jurídica,SÃO PAULO,SÃO PAULO
567,DESTILARIA SANTA INES,IRMAOS TONIELLO LTDA,Pessoa Jurídica,SÃO PAULO,SÃO PAULO
568,CANDEEIRO,CENTRAIS CANDEEIRO DE ENERGIA...,Pessoa Jurídica,SÃO PAULO,SÃO PAULO
569,CANDENGO,CANDENGO ENERGIAS RENOVAVEIS...,Pessoa Jurídica,SÃO PAULO,SÃO PAULO
570,CANDURA,IPLASA INDUSTRIA E COMERCIO...,Pessoa Jurídica,VITÓRIA,ESPÍRITO SANTO
571,CANHADAO,CANHADAO PRODUCAO DE ENERGIA...,Pessoa Jurídica,SÃO PAULO,SÃO PAULO
572,CANOAS,CANOAS ENERGIA RENOVAVEL S.A.,Pessoa Jurídica,SÃO PAULO,SÃO PAULO
573,CANOAS 2,CANOAS 2 ENERGIA RENOVAVEL...,Pessoa Jurídica,SÃO PAULO,SÃO PAULO
574,CANOAS 4,CANOAS 4 ENERGIA RENOVAVEL...,Pessoa Jurídica,SÃO PAULO,SÃO PAULO
575,CANOAS SHOPPING,CANOAS SHOPPING CENTER,Pessoa Jurídica,SÃO PAULO,SÃO PAULO
576,CANOINHAS,CIA CANOINHAS DE PAPEL,Pessoa Jurídica,SÃO PAULO,SÃO PAULO
577,CANONNE,LABORATORIO CANONNE LTDA,Pessoa Jurídica,SÃO PAULO,SÃO PAULO
578,CANTAREIRA NORTE SHOP,CONDOMINIO CANTAREIRA NORTE...,Pessoa Jurídica,SÃO PAULO,SÃO PAULO
579,CANTU2,CANTU ENERGETICA S/A,Pessoa Jurídica,SÃO PAULO,SÃO PAULO
580,CANUELAS,MOINHO CANUELAS LTDA,Pessoa Jurídica,RIO DE JANEIRO,RIO DE JANEIRO
581,CAOA,CAOA MONTADORA DE VEICULOS...,Pessoa Jurídica,SÃO PAULO,SÃO PAULO
582,CAP,CAP AGROPECUARIA E INDUSTRIAL...,Pessoa Jurídica,SÃO PAULO,SÃO PAULO
583,CAP DOURADO SC,CAPIM DOURADO EMPREENDIMENTOS...,Pessoa Jurídica,RIO DE JANEIRO,RIO DE JANEIRO
584,CAP LOGISTICA,CAP LOGISTICA FRIGORIFICADA...,Pessoa Jurídica,BELO HORIZONTE,MINAS GERAIS
585,CAPAL,CAPAL COOPERATIVA AGROINDUSTRIAL,Pessoa Jurídica,BELO HORIZONTE,MINAS GERAIS
586,CAPELLA PLASTICOS,CAPELLA PRODUTOS PLASTICOS...,Pessoa Jurídica,BELO HORIZONTE,MINAS GERAIS
587,CAPITAL RECICLAVEIS,CAPITAL INDUSTRIA E COMERCIO...,Pessoa Jurídica,BELO HORIZONTE,MINAS GERAIS
588,CAPITALE,CAPITALE ENERGIA COMERCIALIZADORA...,Pessoa Jurídica,SÃO PAULO,SÃO PAULO
589,BELA VISTA,BELA VISTA GERACAO DE ENERGIA...,Pessoa Jurídica,SÃO PAULO,SÃO PAULO
590,BELA VISTA TIJOLOS,BELA VISTA TIJOLOS LTDA,Pessoa Jurídica,SÃO PAULO,SÃO PAULO
591,BELA VISTA XV,CENTRAIS EOLICAS BELA VISTA...,Pessoa Jurídica,RIO DE JANEIRO,RIO DE JANEIRO
592,BELAGRICOLA,BELAGRICOLA COMERCIO E REPRESENTACOES...,Pessoa Jurídica,RIO DE JANEIRO,RIO DE JANEIRO
593,BELAGUA,BENEVIDES AGUAS S/A,Pessoa Jurídica,RIO DE JANEIRO,RIO DE JANEIRO
594,BELAPAN,BELAPAN INDUSTRIA E COMERCIO...,Pessoa Jurídica,RIO DE JANEIRO,RIO DE JANEIRO
595,BELARINA CURITIBA,BELARINA ALIMENTOS S/A,Pessoa Jurídica,SÃO PAULO,SÃO PAULO
596,BELDEN,"BELDEN GRASS VALLEY INDUSTRIA,...",Pessoa Jurídica,RIO DE JANEIRO,RIO DE JANEIRO
597,BELEM HOTEIS,BELEM HOTEIS E TURISMO S/A,Pessoa Jurídica,SÃO PAULO,SÃO PAULO
598,BELEMZAO SHOPPING,DISTRIBUIDORA BELEM DE ALIMENTOS...,Pessoa Jurídica,SÃO PAULO,SÃO PAULO
599,BELENUS,BELENUS S.A.,Pessoa Jurídica,SÃO PAULO,SÃO PAULO
600,BELGA MATRIZES,INDUSTRIA DE MATRIZES BELGA...,Pessoa Jurídica,SÃO PAULO,SÃO PAULO
601,BELGO CONT,BELGO BEKAERT ARAMES LTDA,Pessoa Jurídica,SÃO PAULO,SÃO PAULO
602,BELL FISH,BELL FISH COMERCIO E INDUSTRIA...,Pessoa Jurídica,SÃO PAULO,SÃO PAULO
603,BELL TEMPER,BELL TEMPER INDUSTRIA DE VIDROS...,Pessoa Jurídica,SÃO PAULO,SÃO PAULO
604,BELLA ARTE,BELLA ARTE UTILIDADES PARA...,Pessoa Jurídica,SÃO PAULO,SÃO PAULO
605,BELLA CITTA,CONDOMINIO SHOPPING BELLA...,Pessoa Jurídica,SÃO PAULO,SÃO PAULO
606,BELLA JANELA,BELLA JANELA INDUSTRIA DE...,Pessoa Jurídica,SÃO PAULO,SÃO PAULO
607,BELLO ABATEDOURO,BELLO ALIMENTOS LTDA,Pessoa Jurídica,SÃO PAULO,SÃO PAULO
608,BELLO RACAO,BELLO ALIMENTOS LTDA,Pessoa Jurídica,SÃO PAULO,SÃO PAULO
609,BELLOCOPO,BELLOCOPO DESCARTAVEIS LTDA,Pessoa Jurídica,BELO HORIZONTE,MINAS GERAIS
610,AGCO GSI,GSI BRASIL INDUSTRIA E COMERCIO...,Pessoa Jurídica,BELO HORIZONTE,MINAS GERAIS
611,AGEL MAT,AGEL ANEIS GAXETAS EQUIPAMENTOS...,Pessoa Jurídica,SÃO PAULO,SÃO PAULO
612,AGL MINAS,ARMAZENS GERAIS LESTE DE MINAS...,Pessoa Jurídica,SÃO PAULO,SÃO PAULO
613,AGM,AGM INDUSTRIA E COMERCIO DE...,Pessoa Jurídica,SÃO PAULO,SÃO PAULO
614,AGORA ENERGIA,AGORA GERADORA E COMERCIALIZADORA...,Pessoa Jurídica,SÃO PAULO,SÃO PAULO
615,AGRA,AGRA AGROINDUSTRIAL DE ALIMENTOS...,Pessoa Jurídica,SÃO PAULO,SÃO PAULO
616,AGRALE,AGRALE SOCIEDADE ANONIMA,Pessoa Jurídica,RIO DE JANEIRO,RIO DE JANEIRO
617,AGRARIA ENERGIA,COOPERATIVA AGRARIA AGROINDUSTRIAL,Pessoa Jurídica,RIO DE JANEIRO,RIO DE JANEIRO
618,AGRESTE,GESTAMP EOLICA AGRESTE SA,Pessoa Jurídica,RIO DE JANEIRO,RIO DE JANEIRO
619,AGRICOLA FAMOSA,AGRICOLA FAMOSA LTDA,Pessoa Jurídica,SÃO PAULO,SÃO PAULO
620,AGRICOLA HORIZONTE,AGRICOLA HORIZONTE LTDA,Pessoa Jurídica,SÃO PAULO,SÃO PAULO
621,AGRIFIRM,AGRIFIRM DO BRASIL NUTRICAO...,Pessoa Jurídica,SÃO PAULO,SÃO PAULO
622,AGRIMIG,AGRIMIG CALCARIO AGRICOLA...,Pessoa Jurídica,VITÓRIA,ESPÍRITO SANTO
623,AGRITECH,AGRITECH LAVRALE INDUSTRIA...,Pessoa Jurídica,RIO DE JANEIRO,RIO DE JANEIRO
624,AGRO 100 BUSSADORI,"BUSSADORI, GARCIA & CIA...",Pessoa Jurídica,RIO DE JANEIRO,RIO DE JANEIRO
625,AGRO IGUATEMI,AGROINDUSTRIAL IGUATEMI EIRELI,Pessoa Jurídica,RIO DE JANEIRO,RIO DE JANEIRO
626,AGRO LATINA,AGRO LATINA LTDA,Pessoa Jurídica,VITÓRIA,ESPÍRITO SANTO
627,AGRO PRATINHA,AGROPRATINHA S/A,Pessoa Jurídica,VITÓRIA,ESPÍRITO SANTO
628,AGRO-PERTENCES,INDUSTRIA AGRO-PERTENCES EIRELI,Pessoa Jurídica,VITÓRIA,ESPÍRITO SANTO
629,AGROARACA,AGROARACA INDUSTRIA DE ALIMENTOS...,Pessoa Jurídica,SÃO PAULO,SÃO PAULO
630,AGROAVES LTDA,AGROAVES LTDA,Pessoa Jurídica,SÃO PAULO,SÃO PAULO